{
    "name": "ceruleancity",
    "events": {
        "0": ["TRADE-JYNX"],
        "gym": []
    },
    "items": {
        "0": [
            "Rare Candy",
            "Bike",
            "TM28",
            "Repel"
        ],
        "gym": [
            "TM11",
            "CASCADEBADGE"
    ]
    },
    "trainers": {
        "gym": [
            {
                "name": "jrtrainerf",
                "levels": [
                    19
                ],
                "mons": [
                    "GOLDEEN"
                ]
            },
            {
                "name": "swimmer",
                "levels": [
                    16
                ],
                "mons": [
                    "HORSEA",
                    "SHELLDER"
                ]
            },
            {
                "name": "misty",
                "levels": [
                    "18",
                    "21"
                ],
                "mons": [
                    "STARYU",
                    "STARMIE"
                ]
            }
        ],
        "0": [
            {
                "name": "rocket",
                "levels": [
                    17
                ],
                "mons": [
                    "MACHOP",
                    "DROWZEE"
                ]
            },
            {
                "name": "rival",
                "levels": [
                    "18",
                    "15",
                    "15",
                    "17"
                ],
                "mons": [
                    "PIDGEOTTO",
                    "ABRA",
                    "RATTATA",
                    "SQUIRTLE"
                ]
            },
            {
                "name": "rival",
                "levels": [
                    "18",
                    "15",
                    "15",
                    "17"
                ],
                "mons": [
                    "PIDGEOTTO",
                    "ABRA",
                    "RATTATA",
                    "BULBASAUR"
                ]
            },
            {
                "name": "rival",
                "levels": [
                    "18",
                    "15",
                    "15",
                    "17"
                ],
                "mons": [
                    "PIDGEOTTO",
                    "ABRA",
                    "RATTATA",
                    "CHARMANDER"
                ]
            }
        ]
    }
}