{
    "name": "pallettown",
    "events": {
        "0": ["GIFT - STARTER"]
    },
    "items": {
        "0": [
            "Town Map",
            "Pok\u00e9dex",
            "Potion",
            "Pok\u00e9 Ball"
        ]
    },
    "trainers": {
        "0": [
            {
                "name": "rival",
                "levels": [
                    5
                ],
                "mons": [
                    "SQUIRTLE"
                ]
            },
            {
                "name": "rival",
                "levels": [
                    5
                ],
                "mons": [
                    "BULBASAUR"
                ]
            },
            {
                "name": "rival",
                "levels": [
                    5
                ],
                "mons": [
                    "CHARMANDER"
                ]
            }
        ]
    }
}