{
    "name": "powerplant",
    "events": {
        "0": ["ZAPDOS",
            "FAKE VOLTORB",
            "FAKE VOLTORB",
            "FAKE VOLTORB",
            "FAKE VOLTORB",
            "FAKE VOLTORB",
            "FAKE VOLTORB",
            "FAKE ELECTRODE",
            "FAKE ELECTRODE"
        ]

    },
    "items": {
        "0": [
            "Carbos",
            "TM33",
            "TM25",
            "Rare Candy",
            "HP Up",
            "Max Elixir",
            "PP Up"
        ]
    },
    "trainers": {}
}