{
    "name": "rockethideout",
    "events": {
        "b1f": [],
        "b2f": [],
        "b3f": [],
        "b4f": []
    },
    "items": {
        "b1f": [
            "Escape Rope",
            "Hyper Potion",
            "PP Up"
        ],
        "b2f": [
            "Nugget",
            "TM07",
            "Moon Stone",
            "Super Potion"
        ],
        "b3f": [
            "Rare Candy",
            "TM10",
            "Nugget"
            ],
        "b4f": [
            "Lift Key",
            "TM02",
            "HP Up",
            "Iron",
            "Super Potion",
            "Silph Scope"
        ]
    },
    "trainers": {
        "b4f": [
            {
                "name": "giovanni",
                "levels": [
                    "25",
                    "24",
                    "29"
                ],
                "mons": [
                    "ONIX",
                    "RHYHORN",
                    "KANGASKHAN"
                ]
            },
            {
                "name": "rocket",
                "levels": [
                    23
                ],
                "mons": [
                    "SANDSHREW",
                    "EKANS",
                    "SANDSLASH"
                ]
            },
            {
                "name": "rocket",
                "levels": [
                    23
                ],
                "mons": [
                    "EKANS",
                    "SANDSHREW",
                    "ARBOK"
                ]
            },
            {
                "name": "rocket",
                "levels": [
                    21
                ],
                "mons": [
                    "KOFFING",
                    "ZUBAT"
                ]
            }
        ],
        "b1f": [
            {
                "name": "rocket",
                "levels": [
                    21
                ],
                "mons": [
                    "DROWZEE",
                    "MACHOP"
                ]
            },
            {
                "name": "rocket",
                "levels": [
                    21
                ],
                "mons": [
                    "RATICATE",
                    "RATICATE"
                ]
            },
            {
                "name": "rocket",
                "levels": [
                    20
                ],
                "mons": [
                    "GRIMER",
                    "KOFFING",
                    "KOFFING"
                ]
            },
            {
                "name": "rocket",
                "levels": [
                    19
                ],
                "mons": [
                    "RATTATA",
                    "RATICATE",
                    "RATICATE",
                    "RATTATA"
                ]
            },
            {
                "name": "rocket",
                "levels": [
                    22
                ],
                "mons": [
                    "GRIMER",
                    "KOFFING"
                ]
            }
        ],
        "b2f": [
            {
                "name": "rocket",
                "levels": [
                    17
                ],
                "mons": [
                    "ZUBAT",
                    "KOFFING",
                    "GRIMER",
                    "ZUBAT",
                    "RATICATE"
                ]
            }
        ],
        "b3f": [
            {
                "name": "rocket",
                "levels": [
                    20
                ],
                "mons": [
                    "RATTATA",
                    "RATICATE",
                    "DROWZEE"
                ]
            },
            {
                "name": "rocket",
                "levels": [
                    21
                ],
                "mons": [
                    "MACHOP",
                    "MACHOP"
                ]
            }
        ]
    }
}