{
    "name": "route22",
    "events": {},
    "items": {},
    "trainers": {
        "0": [
            {
                "name": "rival_Optional",
                "levels": [
                    "9",
                    "8"
                ],
                "mons": [
                    "PIDGEY",
                    "SQUIRTLE"
                ]
            },
            {
                "name": "rival_Optional",
                "levels": [
                    "9",
                    "8"
                ],
                "mons": [
                    "PIDGEY",
                    "BULBASAUR"
                ]
            },
            {
                "name": "rival_Optional",
                "levels": [
                    "9",
                    "8"
                ],
                "mons": [
                    "PIDGEY",
                    "CHARMANDER"
                ]
            },
            {
                "name": "rival",
                "levels": [
                    "47",
                    "45",
                    "45",
                    "47",
                    "50",
                    "53"
                ],
                "mons": [
                    "PIDGEOT",
                    "RHYHORN",
                    "GROWLITHE",
                    "EXEGGCUTE",
                    "ALAKAZAM",
                    "BLASTOISE"
                ]
            },
            {
                "name": "rival",
                "levels": [
                    "47",
                    "45",
                    "45",
                    "47",
                    "50",
                    "53"
                ],
                "mons": [
                    "PIDGEOT",
                    "RHYHORN",
                    "GYARADOS",
                    "GROWLITHE",
                    "ALAKAZAM",
                    "VENUSAUR"
                ]
            },
            {
                "name": "rival",
                "levels": [
                    "47",
                    "45",
                    "45",
                    "47",
                    "50",
                    "53"
                ],
                "mons": [
                    "PIDGEOT",
                    "RHYHORN",
                    "EXEGGCUTE",
                    "GYARADOS",
                    "ALAKAZAM",
                    "CHARIZARD"
                ]
            }
        ]
    }
}