{
    "name": "route9",
    "events": {},
    "items": {
        "0": [
            "TM30",
            "ETHER"
        ]
    },
    "trainers": {
        "0": [
            {
                "name": "bugcatcher",
                "levels": [
                    19
                ],
                "mons": [
                    "BEEDRILL",
                    "BEEDRILL"
                ]
            },
            {
                "name": "bugcatcher",
                "levels": [
                    20
                ],
                "mons": [
                    "CATERPIE",
                    "WEEDLE",
                    "VENONAT"
                ]
            },
            {
                "name": "jrtrainerm",
                "levels": [
                    21
                ],
                "mons": [
                    "GROWLITHE",
                    "CHARMANDER"
                ]
            },
            {
                "name": "jrtrainerm",
                "levels": [
                    19
                ],
                "mons": [
                    "RATTATA",
                    "DIGLETT",
                    "EKANS",
                    "SANDSHREW"
                ]
            },
            {
                "name": "jrtrainerf",
                "levels": [
                    18
                ],
                "mons": [
                    "ODDISH",
                    "BELLSPROUT",
                    "ODDISH",
                    "BELLSPROUT"
                ]
            },
            {
                "name": "jrtrainerf",
                "levels": [
                    23
                ],
                "mons": [
                    "MEOWTH"
                ]
            },
            {
                "name": "hiker",
                "levels": [
                    21
                ],
                "mons": [
                    "GEODUDE",
                    "ONIX"
                ]
            },
            {
                "name": "hiker",
                "levels": [
                    20
                ],
                "mons": [
                    "GEODUDE",
                    "MACHOP",
                    "GEODUDE"
                ]
            },
            {
                "name": "hiker",
                "levels": [
                    20
                ],
                "mons": [
                    "MACHOP",
                    "ONIX"
                ]
            }
        ]
    }
}