{
    "name": "route15",
    "events": {},
    "items": {
        "0": [
            "Exp. All",
            "TM20"
        ]
    },
    "trainers": {
        "0": [
            {
                "name": "jrtrainerf",
                "levels": [
                    28
                ],
                "mons": [
                    "GLOOM",
                    "ODDISH",
                    "ODDISH"
                ]
            },
            {
                "name": "jrtrainerf",
                "levels": [
                    29
                ],
                "mons": [
                    "PIKACHU",
                    "RAICHU"
                ]
            },
            {
                "name": "jrtrainerf",
                "levels": [
                    33
                ],
                "mons": [
                    "CLEFAIRY"
                ]
            },
            {
                "name": "jrtrainerf",
                "levels": [
                    29
                ],
                "mons": [
                    "BELLSPROUT",
                    "ODDISH",
                    "TANGELA"
                ]
            },
            {
                "name": "biker",
                "levels": [
                    25
                ],
                "mons": [
                    "KOFFING",
                    "KOFFING",
                    "WEEZING",
                    "KOFFING",
                    "GRIMER"
                ]
            },
            {
                "name": "biker",
                "levels": [
                    28
                ],
                "mons": [
                    "KOFFING",
                    "GRIMER",
                    "WEEZING"
                ]
            },
            {
                "name": "beauty",
                "levels": [
                    29
                ],
                "mons": [
                    "PIDGEOTTO",
                    "WIGGLYTUFF"
                ]
            },
            {
                "name": "beauty",
                "levels": [
                    29
                ],
                "mons": [
                    "BULBASAUR",
                    "IVYSAUR"
                ]
            },
            {
                "name": "birdkeeper",
                "levels": [
                    26
                ],
                "mons": [
                    "PIDGEOTTO",
                    "FARFETCHD",
                    "DODUO",
                    "PIDGEY"
                ]
            },
            {
                "name": "birdkeeper",
                "levels": [
                    28
                ],
                "mons": [
                    "DODRIO",
                    "DODUO",
                    "DODUO"
                ]
            }
        ]
    }
}