{
    "name": "route20",
    "events": {},
    "items": {},
    "trainers": {
        "0": [
            {
                "name": "jrtrainerf",
                "levels": [
                    31
                ],
                "mons": [
                    "GOLDEEN",
                    "SEAKING"
                ]
            },
            {
                "name": "jrtrainerf",
                "levels": [
                    30
                ],
                "mons": [
                    "TENTACOOL",
                    "HORSEA",
                    "SEEL"
                ]
            },
            {
                "name": "swimmer",
                "levels": [
                    31
                ],
                "mons": [
                    "SHELLDER",
                    "CLOYSTER"
                ]
            },
            {
                "name": "swimmer",
                "levels": [
                    35
                ],
                "mons": [
                    "STARYU"
                ]
            },
            {
                "name": "swimmer",
                "levels": [
                    28
                ],
                "mons": [
                    "HORSEA",
                    "HORSEA",
                    "SEADRA",
                    "HORSEA"
                ]
            },
            {
                "name": "beauty",
                "levels": [
                    35
                ],
                "mons": [
                    "SEAKING"
                ]
            },
            {
                "name": "beauty",
                "levels": [
                    30
                ],
                "mons": [
                    "SHELLDER",
                    "SHELLDER",
                    "CLOYSTER"
                ]
            },
            {
                "name": "beauty",
                "levels": [
                    31
                ],
                "mons": [
                    "POLIWAG",
                    "SEAKING"
                ]
            },
            {
                "name": "beauty",
                "levels": [
                    30
                ],
                "mons": [
                    "SEADRA",
                    "HORSEA",
                    "SEADRA"
                ]
            },
            {
                "name": "birdkeeper",
                "levels": [
                    30
                ],
                "mons": [
                    "FEAROW",
                    "FEAROW",
                    "PIDGEOTTO"
                ]
            }
        ]
    }
}