{
    "name": "route11",
    "events": {
        "0": ["TRADE - NIDORINA"]
    },
    "items": {
        "0": [
            "Item Finder",
            "Escape Rope"
        ]
    },
    "trainers": {
        "0": [
            {
                "name": "youngster",
                "levels": [
                    21
                ],
                "mons": [
                    "EKANS"
                ]
            },
            {
                "name": "youngster",
                "levels": [
                    19
                ],
                "mons": [
                    "SANDSHREW",
                    "ZUBAT"
                ]
            },
            {
                "name": "youngster",
                "levels": [
                    17
                ],
                "mons": [
                    "RATTATA",
                    "RATTATA",
                    "RATICATE"
                ]
            },
            {
                "name": "youngster",
                "levels": [
                    18
                ],
                "mons": [
                    "NIDORANM",
                    "NIDORINO"
                ]
            },
            {
                "name": "engineer",
                "levels": [
                    21
                ],
                "mons": [
                    "MAGNEMITE"
                ]
            },
            {
                "name": "engineer",
                "levels": [
                    18
                ],
                "mons": [
                    "MAGNEMITE",
                    "MAGNEMITE",
                    "MAGNETON"
                ]
            },
            {
                "name": "gambler",
                "levels": [
                    18
                ],
                "mons": [
                    "POLIWAG",
                    "HORSEA"
                ]
            },
            {
                "name": "gambler",
                "levels": [
                    18
                ],
                "mons": [
                    "BELLSPROUT",
                    "ODDISH"
                ]
            },
            {
                "name": "gambler",
                "levels": [
                    18
                ],
                "mons": [
                    "VOLTORB",
                    "MAGNEMITE"
                ]
            },
            {
                "name": "gambler",
                "levels": [
                    18
                ],
                "mons": [
                    "GROWLITHE",
                    "VULPIX"
                ]
            }
        ]
    }
}