{
    "name": "route17",
    "events": {},
    "items": {"0":[
        "Rare Candy",
        "Full Restore",
        "Max Revive",
        "PP Up",
        "Max Elixir"
    ]},
    "trainers": {
        "0": [
            {
                "name": "biker",
                "levels": [
                    28
                ],
                "mons": [
                    "WEEZING",
                    "KOFFING",
                    "WEEZING"
                ]
            },
            {
                "name": "biker",
                "levels": [
                    33
                ],
                "mons": [
                    "MUK"
                ]
            },
            {
                "name": "biker",
                "levels": [
                    29
                ],
                "mons": [
                    "VOLTORB",
                    "VOLTORB"
                ]
            },
            {
                "name": "biker",
                "levels": [
                    29
                ],
                "mons": [
                    "WEEZING",
                    "MUK"
                ]
            },
            {
                "name": "biker",
                "levels": [
                    25
                ],
                "mons": [
                    "KOFFING",
                    "WEEZING",
                    "KOFFING",
                    "KOFFING",
                    "WEEZING"
                ]
            },
            {
                "name": "cueball",
                "levels": [
                    29
                ],
                "mons": [
                    "MANKEY",
                    "PRIMEAPE"
                ]
            },
            {
                "name": "cueball",
                "levels": [
                    29
                ],
                "mons": [
                    "MACHOP",
                    "MACHOKE"
                ]
            },
            {
                "name": "cueball",
                "levels": [
                    33
                ],
                "mons": [
                    "MACHOKE"
                ]
            },
            {
                "name": "cueball",
                "levels": [
                    26
                ],
                "mons": [
                    "MANKEY",
                    "MANKEY",
                    "MACHOKE",
                    "MACHOP"
                ]
            },
            {
                "name": "cueball",
                "levels": [
                    29
                ],
                "mons": [
                    "PRIMEAPE",
                    "MACHOKE"
                ]
            }
        ]
    }
}