{
    "name": "route16",
    "events": {
        "0": ["SNORLAX"]
    },
    "items": {
        "0":["HM02"]
    },
    "trainers": {
        "0": [
            {
                "name": "biker",
                "levels": [
                    29
                ],
                "mons": [
                    "GRIMER",
                    "KOFFING"
                ]
            },
            {
                "name": "biker",
                "levels": [
                    33
                ],
                "mons": [
                    "WEEZING"
                ]
            },
            {
                "name": "biker",
                "levels": [
                    26
                ],
                "mons": [
                    "GRIMER",
                    "GRIMER",
                    "GRIMER",
                    "GRIMER"
                ]
            },
            {
                "name": "cueball",
                "levels": [
                    28
                ],
                "mons": [
                    "MACHOP",
                    "MANKEY",
                    "MACHOP"
                ]
            },
            {
                "name": "cueball",
                "levels": [
                    29
                ],
                "mons": [
                    "MANKEY",
                    "MACHOP"
                ]
            },
            {
                "name": "cueball",
                "levels": [
                    33
                ],
                "mons": [
                    "MACHOP"
                ]
            }
        ]
    }
}