{
    "name": "safarizone",
    "events": {
        "area 1": [],
        "area 2": [],
        "area 3": [],
        "area 4": []
    },
    "items": {
        "area 1": [
            "Nugget"
        ],
        "area 2": [
            "TM37",
            "Max Potion",
            "Full Restore",
            "Carbos"
        ],
        "area 3": [
            "TM40",
            "Protein"
        ],
        "area 4": [
            "HM03",
            "Max Revive",
            "Revive",
            "Max Potion",
            "Gold Teeth",
            "TM32"
        ]
    },
    "trainers": {}
}