{
    "name": "silphco",
    "events": {
        "1f": [],
        "2f": [],
        "3f": [],
        "4f": [],
        "5f": [],
        "6f": [],
        "7f": ["GIFT - LAPRAS"],
        "8f": [],
        "9f": [],
        "10f": [],
        "11f": []
    },
    "items": {
        "1f": [],
        "2f": [
            "TM36"
        ],
        "3f": [
            "Hyper Potion"
        ],
        "4f": [
            "Escape Rope",
            "Max Revive",
            "Full Heal"
        ],
        "5f": [
            "TM09",
            "Card Key",
            "Protein",
            "Elixir"
        ],
        "6f": [
            "HP Up",
            "X Accuracy"
        ],
        "7f": [
            "Calcium",
            "TM03"
        ],
        "8f": [],
        "9f": [
            "Max Potion"
        ],
        "10f": [
            "TM26",
            "Rare Candy",
            "Carbos"
        ],
        "11f": [
            "Master Ball"
        ]
    },
    "trainers": {
        "5f": [
            {
                "name": "juggler",
                "levels": [
                    29
                ],
                "mons": [
                    "KADABRA",
                    "MR-MIME"
                ]
            },
            {
                "name": "scientist",
                "levels": [
                    26
                ],
                "mons": [
                    "MAGNETON",
                    "KOFFING",
                    "WEEZING",
                    "MAGNEMITE"
                ]
            },
            {
                "name": "rocket",
                "levels": [
                    33
                ],
                "mons": [
                    "ARBOK"
                ]
            },
            {
                "name": "rocket",
                "levels": [
                    33
                ],
                "mons": [
                    "HYPNO"
                ]
            }
        ],
        "2f": [
            {
                "name": "scientist",
                "levels": [
                    26
                ],
                "mons": [
                    "GRIMER",
                    "WEEZING",
                    "KOFFING",
                    "WEEZING"
                ]
            },
            {
                "name": "scientist",
                "levels": [
                    28
                ],
                "mons": [
                    "MAGNEMITE",
                    "VOLTORB",
                    "MAGNETON"
                ]
            },
            {
                "name": "rocket",
                "levels": [
                    29
                ],
                "mons": [
                    "CUBONE",
                    "ZUBAT"
                ]
            },
            {
                "name": "rocket",
                "levels": [
                    25
                ],
                "mons": [
                    "GOLBAT",
                    "ZUBAT",
                    "ZUBAT",
                    "RATICATE",
                    "ZUBAT"
                ]
            }
        ],
        "3f": [
            {
                "name": "scientist",
                "levels": [
                    29
                ],
                "mons": [
                    "ELECTRODE",
                    "WEEZING"
                ]
            },
            {
                "name": "rocket",
                "levels": [
                    28
                ],
                "mons": [
                    "RATICATE",
                    "HYPNO",
                    "RATICATE"
                ]
            }
        ],
        "4f": [
            {
                "name": "scientist",
                "levels": [
                    33
                ],
                "mons": [
                    "ELECTRODE"
                ]
            },
            {
                "name": "rocket",
                "levels": [
                    29
                ],
                "mons": [
                    "MACHOP",
                    "DROWZEE"
                ]
            },
            {
                "name": "rocket",
                "levels": [
                    28
                ],
                "mons": [
                    "EKANS",
                    "ZUBAT",
                    "CUBONE"
                ]
            }
        ],
        "6f": [
            {
                "name": "scientist",
                "levels": [
                    25
                ],
                "mons": [
                    "VOLTORB",
                    "KOFFING",
                    "MAGNETON",
                    "MAGNEMITE",
                    "KOFFING"
                ]
            },
            {
                "name": "rocket",
                "levels": [
                    29
                ],
                "mons": [
                    "MACHOP",
                    "MACHOKE"
                ]
            },
            {
                "name": "rocket",
                "levels": [
                    28
                ],
                "mons": [
                    "ZUBAT",
                    "ZUBAT",
                    "GOLBAT"
                ]
            }
        ],
        "7f": [
            {
                "name": "scientist",
                "levels": [
                    29
                ],
                "mons": [
                    "ELECTRODE",
                    "MUK"
                ]
            },
            {
                "name": "rocket",
                "levels": [
                    26
                ],
                "mons": [
                    "RATICATE",
                    "ARBOK",
                    "KOFFING",
                    "GOLBAT"
                ]
            },
            {
                "name": "rocket",
                "levels": [
                    29
                ],
                "mons": [
                    "CUBONE",
                    "CUBONE"
                ]
            },
            {
                "name": "rocket",
                "levels": [
                    29
                ],
                "mons": [
                    "SANDSHREW",
                    "SANDSLASH"
                ]
            },
            {
                "name": "rival",
                "levels": [
                    "37",
                    "38",
                    "35",
                    "35",
                    "40"
                ],
                "mons": [
                    "PIDGEOT",
                    "GROWLITHE",
                    "EXEGGCUTE",
                    "ALAKAZAM",
                    "BLASTOISE"
                ]
            },
            {
                "name": "rival",
                "levels": [
                    "37",
                    "38",
                    "35",
                    "35",
                    "40"
                ],
                "mons": [
                    "PIDGEOT",
                    "GYARADOS",
                    "GROWLITHE",
                    "ALAKAZAM",
                    "VENUSAUR"
                ]
            },
            {
                "name": "rival",
                "levels": [
                    "37",
                    "38",
                    "35",
                    "35",
                    "40"
                ],
                "mons": [
                    "PIDGEOT",
                    "EXEGGCUTE",
                    "GYARADOS",
                    "ALAKAZAM",
                    "CHARIZARD"
                ]
            }
        ],
        "8f": [
            {
                "name": "scientist",
                "levels": [
                    29
                ],
                "mons": [
                    "GRIMER",
                    "ELECTRODE"
                ]
            },
            {
                "name": "rocket",
                "levels": [
                    26
                ],
                "mons": [
                    "RATICATE",
                    "ZUBAT",
                    "GOLBAT",
                    "RATTATA"
                ]
            },
            {
                "name": "rocket",
                "levels": [
                    28
                ],
                "mons": [
                    "WEEZING",
                    "GOLBAT",
                    "KOFFING"
                ]
            }
        ],
        "9f": [
            {
                "name": "scientist",
                "levels": [
                    28
                ],
                "mons": [
                    "VOLTORB",
                    "KOFFING",
                    "MAGNETON"
                ]
            },
            {
                "name": "rocket",
                "levels": [
                    28
                ],
                "mons": [
                    "DROWZEE",
                    "GRIMER",
                    "MACHOP"
                ]
            },
            {
                "name": "rocket",
                "levels": [
                    28
                ],
                "mons": [
                    "GOLBAT",
                    "DROWZEE",
                    "HYPNO"
                ]
            }
        ],
        "10f": [
            {
                "name": "scientist",
                "levels": [
                    29
                ],
                "mons": [
                    "MAGNEMITE",
                    "KOFFING"
                ]
            },
            {
                "name": "rocket",
                "levels": [
                    33
                ],
                "mons": [
                    "MACHOKE"
                ]
            }
        ],
        "11f": [
            {
                "name": "giovanni",
                "levels": [
                    "37",
                    "35",
                    "37",
                    "41"
                ],
                "mons": [
                    "NIDORINO",
                    "KANGASKHAN",
                    "RHYHORN",
                    "NIDOQUEEN"
                ]
            },
            {
                "name": "rocket",
                "levels": [
                    25
                ],
                "mons": [
                    "RATTATA",
                    "RATTATA",
                    "ZUBAT",
                    "RATTATA",
                    "EKANS"
                ]
            },
            {
                "name": "rocket",
                "levels": [
                    32
                ],
                "mons": [
                    "CUBONE",
                    "DROWZEE",
                    "MAROWAK"
                ]
            }
        ]
    }
}