{
    "name": "vermilioncity",
    "items": {
        "gym": ["TM 24","THUNDER BADGE"],
        "0": ["Old Rod","Bike Voucher","Max Ether","Ice Heal"]
    },
    "events": {
        "gym": [],
        "0":["TRADE - FARFETCH'D"]
    },
    "trainers": {
        "gym": [
            {
                "name": "sailor",
                "levels": [
                    21
                ],
                "mons": [
                    "PIKACHU",
                    "PIKACHU"
                ]
            },
            {
                "name": "rocker",
                "levels": [
                    20
                ],
                "mons": [
                    "VOLTORB",
                    "MAGNEMITE",
                    "VOLTORB"
                ]
            },
            {
                "name": "ltsurge",
                "levels": [
                    "21",
                    "18",
                    "24"
                ],
                "mons": [
                    "VOLTORB",
                    "PIKACHU",
                    "RAICHU"
                ]
            },
            {
                "name": "gentleman",
                "levels": [
                    23
                ],
                "mons": [
                    "PIKACHU"
                ]
            }
        ]
    }
}