{
    "name": "viridianforest",
    "events": {},
    "items": {
        "0": [
            "Pok\u00e9 Ball",
            "Antidote",
            "Potion",
            "Potion",
            "Antidote"
        ]
    },
    "trainers": {
        "0": [
            {
                "name": "bugcatcher",
                "levels": [
                    6
                ],
                "mons": [
                    "WEEDLE",
                    "CATERPIE"
                ]
            },
            {
                "name": "bugcatcher",
                "levels": [
                    7
                ],
                "mons": [
                    "WEEDLE",
                    "KAKUNA",
                    "WEEDLE"
                ]
            },
            {
                "name": "bugcatcher",
                "levels": [
                    9
                ],
                "mons": [
                    "WEEDLE"
                ]
            }
        ]
    }
}