{
    "name": "viridiancity",
    "events": {
        "0":[],
        "gym": []
    },
    "items": {
        "0": [
            "TM42",
            "Oak's Parcel",
            "Potion",
            "Burn Heal",
            "Paralyze Heal"
        ],
        "gym": ["Revive","TM 27","EARTH BADGE"]
    },
    "trainers": {
        "gym": [
            {
                "name": "tamer",
                "levels": [
                    43
                ],
                "mons": [
                    "RHYHORN"
                ]
            },
            {
                "name": "tamer",
                "levels": [
                    39
                ],
                "mons": [
                    "ARBOK",
                    "TAUROS"
                ]
            },
            {
                "name": "blackbelt",
                "levels": [
                    40
                ],
                "mons": [
                    "MACHOP",
                    "MACHOKE"
                ]
            },
            {
                "name": "blackbelt",
                "levels": [
                    43
                ],
                "mons": [
                    "MACHOKE"
                ]
            },
            {
                "name": "blackbelt",
                "levels": [
                    38
                ],
                "mons": [
                    "MACHOKE",
                    "MACHOP",
                    "MACHOKE"
                ]
            },
            {
                "name": "cooltrainerm",
                "levels": [
                    39
                ],
                "mons": [
                    "NIDORINO",
                    "NIDOKING"
                ]
            },
            {
                "name": "cooltrainerm",
                "levels": [
                    39
                ],
                "mons": [
                    "SANDSLASH",
                    "DUGTRIO"
                ]
            },
            {
                "name": "cooltrainerm",
                "levels": [
                    43
                ],
                "mons": [
                    "RHYHORN"
                ]
            },
            {
                "name": "giovanni",
                "levels": [
                    "45",
                    "42",
                    "44",
                    "45",
                    "50"
                ],
                "mons": [
                    "RHYHORN",
                    "DUGTRIO",
                    "NIDOQUEEN",
                    "NIDOKING",
                    "RHYDON"
                ]
            }
        ],
        "0": []
    }
}