{
    "name": "celadoncity",
    "events": {
        "0": ["GIFT-EVEE","DIPLOMA"],
        "gym": [],
        "game corner": ["777","GIFT-PORYGON"]
    },
    "items": {
        "0": [
            "TM41",
            "Coin Case",
            "PP UP",
            "Fresh Water",
            "X Attack",
            "X Defend",
            "Dire Hit",
            "X Speed",
            "Soda Pop",
            "Lemonade",
            "TM13",
            "TM18",
            "TM48",
            "TM49",
            "Pok\u00e9 Doll",
            "TM15",
            "TM23",
            "TM50",
            "Fire Stone",
            "Leaf Stone",
            "Water Stone",
            "Thunder Stone"

        ],
        "gym": ["TM21","RAINBOW BADGE"],
        "game corner": [
            "COINS x 10",
            "COINS x 10",
            "COINS x 10",
            "COINS x 10",
            "COINS x 10",
            "COINS x 10",
            "COINS x 10",
            "COINS x 10",
            "COINS x 20",
            "COINS x 20",
            "COINS x 20",
            "COINS x 20",
            "COINS x 20",
            "COINS x 100"
        ]
    },
    "trainers": {
        "gym": [
            {
                "name": "lass",
                "levels": [
                    23
                ],
                "mons": [
                    "BELLSPROUT",
                    "WEEPINBELL"
                ]
            },
            {
                "name": "lass",
                "levels": [
                    23
                ],
                "mons": [
                    "ODDISH",
                    "GLOOM"
                ]
            },
            {
                "name": "jrtrainerf",
                "levels": [
                    24
                ],
                "mons": [
                    "BULBASAUR",
                    "IVYSAUR"
                ]
            },
            {
                "name": "beauty",
                "levels": [
                    21
                ],
                "mons": [
                    "ODDISH",
                    "BELLSPROUT",
                    "ODDISH",
                    "BELLSPROUT"
                ]
            },
            {
                "name": "beauty",
                "levels": [
                    24
                ],
                "mons": [
                    "BELLSPROUT",
                    "BELLSPROUT"
                ]
            },
            {
                "name": "beauty",
                "levels": [
                    26
                ],
                "mons": [
                    "EXEGGCUTE"
                ]
            },
            {
                "name": "cooltrainerf",
                "levels": [
                    24
                ],
                "mons": [
                    "WEEPINBELL",
                    "GLOOM",
                    "IVYSAUR"
                ]
            },
            {
                "name": "erika",
                "levels": [
                    "30",
                    "32",
                    "32"
                ],
                "mons": [
                    "TANGELA",
                    "WEEPINBELL",
                    "GLOOM"
                ]
            }
        ],
        "game corner": [
            {
                "name": "rocket",
                "levels": [
                    20
                ],
                "mons": [
                    "RATICATE",
                    "ZUBAT"
                ]
            }
        ]
    }
}