{
    "name": "ceruleancave",
    "events": {
        "1f": [],
        "2f": [],
        "b1f": ["MEWTWO"]
    },
    "items": {
        "1f": [
            "Max Elixir",
            "Rare Candy",
            "Ultra Ball",
            "Max Revive",
            "PP Up"
        ],
        "2f": [
            "Rare Candy",
            "Ultra Ball",
            "Max Revive",
            "PP Up",
            "Full Restore"
        ],
        "b1f": [
            "Max Elixir",
            "Ultra Ball",
            "Ultra Ball",
            "Max Revive",
            "PP Up"
        ]
    },
    "trainers": {}
}