{
    "name": "cinnabarisland",
    "events": {
        "0": ["REVIVE FOSSIL","TRADE-DEWGONG","TRADE-MUK","TRADE-RHYDON",
                "REVIVE OLD AMBER"],
        "gym": []
    },
    "items": {
        "0": ["TM35"],
        "gym": ["TM38","VOLCANO BADGE"
    ]
    },
    "trainers": {
        "gym": [
            {
                "name": "supernerd",
                "levels": [
                    36
                ],
                "mons": [
                    "VULPIX",
                    "VULPIX",
                    "NINETALES"
                ]
            },
            {
                "name": "supernerd",
                "levels": [
                    34
                ],
                "mons": [
                    "PONYTA",
                    "CHARMANDER",
                    "VULPIX",
                    "GROWLITHE"
                ]
            },
            {
                "name": "supernerd",
                "levels": [
                    41
                ],
                "mons": [
                    "RAPIDASH"
                ]
            },
            {
                "name": "supernerd",
                "levels": [
                    37
                ],
                "mons": [
                    "GROWLITHE",
                    "VULPIX"
                ]
            },
            {
                "name": "burglar",
                "levels": [
                    36
                ],
                "mons": [
                    "GROWLITHE",
                    "VULPIX",
                    "NINETALES"
                ]
            },
            {
                "name": "burglar",
                "levels": [
                    41
                ],
                "mons": [
                    "PONYTA"
                ]
            },
            {
                "name": "burglar",
                "levels": [
                    37
                ],
                "mons": [
                    "VULPIX",
                    "GROWLITHE"
                ]
            },
            {
                "name": "blaine",
                "levels": [
                    48,
                    50,
                    54
                ],
                "mons": [
                    "NINETALES",
                    "RAPIDASH",
                    "ARCANINE"
                ]
            }
        ]
    }
}