{
    "name": "fuchsiacity",
    "events": {
        "gym": []
    },
    "items": {
        "0": [
            "Good Rod",
            "HM04",
            "Safari Ball",
            "Rare Candy"

        ],
        "gym": ["TM06","SOUL BADGE"
    ]
    },
    "trainers": {
        "gym": [
            {
                "name": "juggler",
                "levels": [
                    31
                ],
                "mons": [
                    "DROWZEE",
                    "DROWZEE",
                    "KADABRA",
                    "DROWZEE"
                ]
            },
            {
                "name": "juggler",
                "levels": [
                    34
                ],
                "mons": [
                    "DROWZEE",
                    "HYPNO"
                ]
            },
            {
                "name": "juggler",
                "levels": [
                    38
                ],
                "mons": [
                    "HYPNO"
                ]
            },
            {
                "name": "juggler",
                "levels": [
                    34
                ],
                "mons": [
                    "DROWZEE",
                    "KADABRA"
                ]
            },
            {
                "name": "tamer",
                "levels": [
                    34
                ],
                "mons": [
                    "SANDSLASH",
                    "ARBOK"
                ]
            },
            {
                "name": "tamer",
                "levels": [
                    33
                ],
                "mons": [
                    "ARBOK",
                    "SANDSLASH",
                    "ARBOK"
                ]
            },
            {
                "name": "koga",
                "levels": [
                    "44",
                    "46",
                    "48",
                    "50"
                ],
                "mons": [
                    "VENONAT",
                    "VENONAT",
                    "VENONAT",
                    "VENOMOTH"
                ]
            }
        ]
    }
}