{
    "name": "pewtercity",
    "events": {
        "gym": []
    },
    "items": {
        "0": [
            "Old Amber"
        ],
        "gym": ["TM34","BOULDER  BADGE"]
    },
    "trainers": {
        "gym": [
            {
                "name": "jrtrainerm",
                "levels": [
                    9
                ],
                "mons": [
                    "DIGLETT",
                    "SANDSHREW"
                ]
            },
            {
                "name": "brock",
                "levels": [
                    "10",
                    "12"
                ],
                "mons": [
                    "GEODUDE",
                    "ONIX"
                ]
            }
        ]
    }
}