{
    "name": "pokemontower",
    "events": {
        "1f": [],
        "2f": [],
        "3f": [],
        "4f": [],
        "5f": [],
        "6f": ["MAROWAK'S GHOST"],
        "7f": []
    },
    "items": {
        "1f": [],
        "2f": [],
        "3f": [
            "Escape Rope"
        ],
        "4f": [
            "Awakening",
            "Elixir",
            "HP Up"
        ],
        "5f": [
            "Nugget",
            "Elixir"
        ],
        "6f": [
            "X Accuracy",
            "Rare Candy"
        ],
        "7f": []
    },
    "trainers": {
        "2f": [
            {
                "name": "rival",
                "levels": [
                    "25",
                    "20",
                    "23",
                    "22",
                    "25"
                ],
                "mons": [
                    "FEAROW",
                    "SANDSHREW",
                    "VULPIX",
                    "MAGNEMITE",
                    "EEVEE"
                ]
            },
            {
                "name": "rival",
                "levels": [
                    "25",
                    "23",
                    "22",
                    "20",
                    "25"
                ],
                "mons": [
                    "FEAROW",
                    "SHELLDER",
                    "VULPIX",
                    "SANDSHREW",
                    "EEVEE"
                ]
            },
            {
                "name": "rival",
                "levels": [
                    "25",
                    "20",
                    "23",
                    "22",
                    "25"
                ],
                "mons": [
                    "FEAROW",
                    "SANDSHREW",
                    "MAGNEMITE",
                    "SHELLDER",
                    "EEVEE"
                ]
            }
        ],
        "3f": [
            {
                "name": "channeler",
                "levels": [
                    23
                ],
                "mons": [
                    "GASTLY"
                ]
            },
            {
                "name": "channeler",
                "levels": [
                    24
                ],
                "mons": [
                    "GASTLY"
                ]
            },
            {
                "name": "channeler",
                "levels": [
                    22
                ],
                "mons": [
                    "GASTLY"
                ]
            }
        ],
        "4f": [
            {
                "name": "channeler",
                "levels": [
                    24
                ],
                "mons": [
                    "GASTLY"
                ]
            },
            {
                "name": "channeler",
                "levels": [
                    23
                ],
                "mons": [
                    "GASTLY",
                    "GASTLY"
                ]
            },
            {
                "name": "channeler",
                "levels": [
                    22
                ],
                "mons": [
                    "GASTLY"
                ]
            }
        ],
        "5f": [
            {
                "name": "channeler",
                "levels": [
                    23
                ],
                "mons": [
                    "HAUNTER"
                ]
            },
            {
                "name": "channeler",
                "levels": [
                    22
                ],
                "mons": [
                    "GASTLY"
                ]
            },
            {
                "name": "channeler",
                "levels": [
                    24
                ],
                "mons": [
                    "GASTLY"
                ]
            },
            {
                "name": "channeler",
                "levels": [
                    22
                ],
                "mons": [
                    "HAUNTER"
                ]
            }
        ],
        "6f": [
            {
                "name": "channeler",
                "levels": [
                    22
                ],
                "mons": [
                    "GASTLY",
                    "GASTLY",
                    "GASTLY"
                ]
            },
            {
                "name": "channeler",
                "levels": [
                    24
                ],
                "mons": [
                    "GASTLY"
                ]
            },
            {
                "name": "channeler",
                "levels": [
                    24
                ],
                "mons": [
                    "GASTLY"
                ]
            }
        ],
        "7f": [
            {
                "name": "rocket",
                "levels": [
                    25
                ],
                "mons": [
                    "ZUBAT",
                    "ZUBAT",
                    "GOLBAT"
                ]
            },
            {
                "name": "rocket",
                "levels": [
                    26
                ],
                "mons": [
                    "KOFFING",
                    "DROWZEE"
                ]
            },
            {
                "name": "rocket",
                "levels": [
                    23
                ],
                "mons": [
                    "ZUBAT",
                    "RATTATA",
                    "RATICATE",
                    "ZUBAT"
                ]
            },
            {
                "name": "Jesse&James",
                "levels": [
                    27
                ],
                "mons": [
                    "MEOWTH",
                    "ARBOK",
                    "WEEZING"
                ]
            }

        ]
    }
}