{
    "name": "route22",
    "events": {},
    "items": {},
    "trainers": {
        "0": [
            {
                "name": "rival_Optional",
                "levels": [
                    "9",
                    "8"
                ],
                "mons": [
                    "SPEAROW",
                    "EEVEE"
                ]
            },
            {
                "name": "rival",
                "levels": [
                    "47",
                    "50",
                    "45",
                    "45",
                    "47",
                    "53"
                ],
                "mons": [
                    "SANDSLASH",
                    "KADABRA",
                    "EXEGGCUTE",
                    "MAGNETON",
                    "NINETALES",
                    "VAPOREON"
                ]
            },
            {
                "name": "rival",
                "levels": [
                    "47",
                    "50",
                    "45",
                    "45",
                    "47",
                    "53"
                ],
                "mons": [
                    "SANDSLASH",
                    "KADABRA",
                    "EXEGGCUTE",
                    "NINETALES",
                    "CLOYSTER",
                    "JOLTEON"
                ]
            },
            {
                "name": "rival",
                "levels": [
                    "47",
                    "50",
                    "45",
                    "45",
                    "47",
                    "53"
                ],
                "mons": [
                    "SANDSLASH",
                    "KADABRA",
                    "EXEGGCUTE",
                    "CLOYSTER",
                    "MAGNETON",
                    "FLAREON"
                ]
            }
        ]
    }
}