{
    "name": "route21",
    "events": {},
    "items": {},
    "trainers": {
        "0": [
            {
                "name": "fisher",
                "levels": [
                    28
                ],
                "mons": [
                    "SEAKING",
                    "GOLDEEN",
                    "SEAKING",
                    "SEAKING"
                ]
            },
            {
                "name": "fisher",
                "levels": [
                    31
                ],
                "mons": [
                    "SHELLDER",
                    "CLOYSTER"
                ]
            },
            {
                "name": "fisher",
                "levels": [
                    27
                ],
                "mons": [
                    "MAGIKARP",
                    "MAGIKARP",
                    "MAGIKARP",
                    "MAGIKARP",
                    "MAGIKARP",
                    "MAGIKARP"
                ]
            },
            {
                "name": "fisher",
                "levels": [
                    33
                ],
                "mons": [
                    "SEAKING",
                    "GOLDEEN"
                ]
            },
            {
                "name": "swimmer",
                "levels": [
                    33
                ],
                "mons": [
                    "SEADRA",
                    "TENTACRUEL"
                ]
            },
            {
                "name": "swimmer",
                "levels": [
                    37
                ],
                "mons": [
                    "STARMIE"
                ]
            },
            {
                "name": "swimmer",
                "levels": [
                    33
                ],
                "mons": [
                    "STARYU",
                    "WARTORTLE"
                ]
            },
            {
                "name": "swimmer",
                "levels": [
                    32
                ],
                "mons": [
                    "POLIWHIRL",
                    "TENTACOOL",
                    "SEADRA"
                ]
            },
            {
                "name": "cueball",
                "levels": [
                    31
                ],
                "mons": [
                    "TENTACOOL",
                    "TENTACOOL",
                    "TENTACRUEL"
                ]
            }
        ]
    }
}