{
    "name": "route10",
    "events": {},
    "items": {"0":[
        "SUPER POTION",
        "MAX ETHER"
    ]},
    "trainers": {
        "0": [
            {
                "name": "jrtrainerf",
                "levels": [
                    20
                ],
                "mons": [
                    "JIGGLYPUFF",
                    "CLEFAIRY"
                ]
            },
            {
                "name": "jrtrainerf",
                "levels": [
                    21
                ],
                "mons": [
                    "PIDGEY",
                    "PIDGEOTTO"
                ]
            },
            {
                "name": "pokemaniac",
                "levels": [
                    30
                ],
                "mons": [
                    "RHYHORN",
                    "LICKITUNG"
                ]
            },
            {
                "name": "pokemaniac",
                "levels": [
                    20
                ],
                "mons": [
                    "CUBONE",
                    "SLOWPOKE"
                ]
            },
            {
                "name": "hiker",
                "levels": [
                    21
                ],
                "mons": [
                    "GEODUDE",
                    "ONIX"
                ]
            },
            {
                "name": "hiker",
                "levels": [
                    19
                ],
                "mons": [
                    "ONIX",
                    "GRAVELER"
                ]
            }
        ]
    }
}