{
    "name": "route25",
    "events": {},
    "items": {
        "0": [
            "Elixir",
            "TM19",
            "S.S. Ticket",
            "Ether"
        ]
    },
    "trainers": {
        "0": [
            {
                "name": "youngster",
                "levels": [
                    15
                ],
                "mons": [
                    "RATTATA",
                    "SPEAROW"
                ]
            },
            {
                "name": "youngster",
                "levels": [
                    17
                ],
                "mons": [
                    "SLOWPOKE"
                ]
            },
            {
                "name": "youngster",
                "levels": [
                    14
                ],
                "mons": [
                    "EKANS",
                    "SANDSHREW"
                ]
            },
            {
                "name": "lass",
                "levels": [
                    15
                ],
                "mons": [
                    "NIDORANM",
                    "NIDORANF"
                ]
            },
            {
                "name": "lass",
                "levels": [
                    13
                ],
                "mons": [
                    "ODDISH",
                    "PIDGEY",
                    "ODDISH"
                ]
            },
            {
                "name": "jrtrainerm",
                "levels": [
                    14
                ],
                "mons": [
                    "RATTATA",
                    "EKANS"
                ]
            },
            {
                "name": "hiker",
                "levels": [
                    15
                ],
                "mons": [
                    "MACHOP",
                    "GEODUDE"
                ]
            },
            {
                "name": "hiker",
                "levels": [
                    13
                ],
                "mons": [
                    "GEODUDE",
                    "GEODUDE",
                    "MACHOP",
                    "GEODUDE"
                ]
            },
            {
                "name": "hiker",
                "levels": [
                    17
                ],
                "mons": [
                    "ONIX"
                ]
            }
        ]
    }
}