{
    "name": "route12",
    "events": {
        "0": ["SNORLAX"]
    },
    "items": {
        "0": [
            "TM39",
            "TM16",
            "Hyper Potion",
            "Iron",
            "Super Rod"
        ]
    },
    "trainers": {
        "0": [
            {
                "name": "jrtrainerm",
                "levels": [
                    29
                ],
                "mons": [
                    "NIDORANM",
                    "NIDORINO"
                ]
            },
            {
                "name": "fisher",
                "levels": [
                    22
                ],
                "mons": [
                    "GOLDEEN",
                    "POLIWAG",
                    "GOLDEEN"
                ]
            },
            {
                "name": "fisher",
                "levels": [
                    24
                ],
                "mons": [
                    "TENTACOOL",
                    "GOLDEEN"
                ]
            },
            {
                "name": "fisher",
                "levels": [
                    27
                ],
                "mons": [
                    "GOLDEEN"
                ]
            },
            {
                "name": "fisher",
                "levels": [
                    21
                ],
                "mons": [
                    "POLIWAG",
                    "SHELLDER",
                    "GOLDEEN",
                    "HORSEA"
                ]
            },
            {
                "name": "fisher",
                "levels": [
                    24
                ],
                "mons": [
                    "MAGIKARP",
                    "MAGIKARP"
                ]
            },
            {
                "name": "rocker",
                "levels": [
                    29
                ],
                "mons": [
                    "VOLTORB",
                    "ELECTRODE"
                ]
            }
        ]
    }
}