{
    "name": "route6",
    "events": {},
    "items": {},
    "trainers": {
        "0": [
            {
                "name": "bugcatcher",
                "levels": [
                    16
                ],
                "mons": [
                    "WEEDLE",
                    "CATERPIE",
                    "WEEDLE"
                ]
            },
            {
                "name": "bugcatcher",
                "levels": [
                    20
                ],
                "mons": [
                    "BUTTERFREE"
                ]
            },
            {
                "name": "jrtrainerm",
                "levels": [
                    20
                ],
                "mons": [
                    "WEEPINBELL"
                ]
            },
            {
                "name": "jrtrainerm",
                "levels": [
                    16
                ],
                "mons": [
                    "SPEAROW",
                    "RATICATE"
                ]
            },
            {
                "name": "jrtrainerf",
                "levels": [
                    20
                ],
                "mons": [
                    "CUBONE"
                ]
            },
            {
                "name": "jrtrainerf",
                "levels": [
                    16
                ],
                "mons": [
                    "PIDGEY",
                    "PIDGEY",
                    "PIDGEY"
                ]
            }
        ]
    }
}