{
    "name": "saffroncity",
    "events": {
        "gym": [],
        "fighting dojo": ["GIFT - HITMON*"]
    },
    "items": {
        "0": [
            "TM29",
            "TM31",
            "Nugget",
            "Max Repel"
        ],
        "gym": ["TM46","MARSH  BADGE"],
        "fighting dojo": []
    },
    "trainers": {
        "gym": [
            {
                "name": "psychic",
                "levels": [
                    31
                ],
                "mons": [
                    "KADABRA",
                    "SLOWPOKE",
                    "MR-MIME",
                    "KADABRA"
                ]
            },
            {
                "name": "psychic",
                "levels": [
                    34
                ],
                "mons": [
                    "MR-MIME",
                    "KADABRA"
                ]
            },
            {
                "name": "psychic",
                "levels": [
                    33
                ],
                "mons": [
                    "SLOWPOKE",
                    "SLOWPOKE",
                    "SLOWBRO"
                ]
            },
            {
                "name": "psychic",
                "levels": [
                    38
                ],
                "mons": [
                    "SLOWBRO"
                ]
            },
            {
                "name": "channeler",
                "levels": [
                    34
                ],
                "mons": [
                    "GASTLY",
                    "HAUNTER"
                ]
            },
            {
                "name": "channeler",
                "levels": [
                    38
                ],
                "mons": [
                    "HAUNTER"
                ]
            },
            {
                "name": "channeler",
                "levels": [
                    33
                ],
                "mons": [
                    "GASTLY",
                    "GASTLY",
                    "HAUNTER"
                ]
            },
            {
                "name": "sabrina",
                "levels": [
                    50
                ],
                "mons": [
                    "ABRA",
                    "MR-KADABRA",
                    "ALAKAZAM"
                ]
            }
        ],
        "fighting dojo": [
            {
                "name": "blackbelt",
                "levels": [
                    37
                ],
                "mons": [
                    "HITMONLEE",
                    "HITMONCHAN"
                ]
            },
            {
                "name": "blackbelt",
                "levels": [
                    31
                ],
                "mons": [
                    "MANKEY",
                    "MANKEY",
                    "PRIMEAPE"
                ]
            },
            {
                "name": "blackbelt",
                "levels": [
                    32
                ],
                "mons": [
                    "MACHOP",
                    "MACHOKE"
                ]
            },
            {
                "name": "blackbelt",
                "levels": [
                    36
                ],
                "mons": [
                    "PRIMEAPE"
                ]
            },
            {
                "name": "blackbelt",
                "levels": [
                    31
                ],
                "mons": [
                    "MACHOP",
                    "MANKEY",
                    "PRIMEAPE"
                ]
            }
        ]
    }
}