{
    "name": "ssanne",
    "events": {
        "1f": [],
        "2f": [],
        "b1f": [],
        "kitchen":[]
    },
    "items": {
        "1f": [
            "TM08"
        ],
        "2f": [
            "Max Ether",
            "Rare Candy",
            "HM01"
        ],
        "b1f": [
            "TM44",
            "Ether",
            "Max Potion",
            "Hyper Potion"
        ],
        "kitchen":["Great Ball"]
    },
    "trainers": {
        "kitchen":[],
        "1f": [
            {
                "name": "youngster",
                "levels": [
                    21
                ],
                "mons": [
                    "NIDORANM"
                ]
            },
            {
                "name": "lass",
                "levels": [
                    18
                ],
                "mons": [
                    "PIDGEY",
                    "NIDORANF"
                ]
            },
            {
                "name": "gentleman",
                "levels": [
                    18
                ],
                "mons": [
                    "GROWLITHE",
                    "GROWLITHE"
                ]
            },
            {
                "name": "gentleman",
                "levels": [
                    19
                ],
                "mons": [
                    "NIDORANM",
                    "NIDORANF"
                ]
            }
        ],
        "2f": [
            {
                "name": "lass",
                "levels": [
                    20
                ],
                "mons": [
                    "JIGGLYPUFF"
                ]
            },
            {
                "name": "fisher",
                "levels": [
                    17
                ],
                "mons": [
                    "GOLDEEN",
                    "TENTACOOL",
                    "GOLDEEN"
                ]
            },
            {
                "name": "gentleman",
                "levels": [
                    17
                ],
                "mons": [
                    "VOLTORB",
                    "PONYTA"
                ]
            },
            {
                "name": "gentleman",
                "levels": [
                    17
                ],
                "mons": [
                    "GROWLITHE",
                    "PONYTA"
                ]
            },
            {
                "name": "rival",
                "levels": [
                    "19",
                    "16",
                    "18",
                    "20"
                ],
                "mons": [
                    "SPEAROW",
                    "RATTATA",
                    "SANDSHREW",
                    "EEVEE"
                ]
            }
        ],
        "deck": [
            {
                "name": "sailor",
                "levels": [
                    18
                ],
                "mons": [
                    "MACHOP",
                    "SHELLDER"
                ]
            },
            {
                "name": "sailor",
                "levels": [
                    17
                ],
                "mons": [
                    "MACHOP",
                    "TENTACOOL"
                ]
            }
        ],
        "b1f": [
            {
                "name": "sailor",
                "levels": [
                    21
                ],
                "mons": [
                    "SHELLDER"
                ]
            },
            {
                "name": "sailor",
                "levels": [
                    17
                ],
                "mons": [
                    "HORSEA",
                    "SHELLDER",
                    "TENTACOOL"
                ]
            },
            {
                "name": "sailor",
                "levels": [
                    18
                ],
                "mons": [
                    "TENTACOOL",
                    "STARYU"
                ]
            },
            {
                "name": "sailor",
                "levels": [
                    17
                ],
                "mons": [
                    "HORSEA",
                    "HORSEA",
                    "HORSEA"
                ]
            },
            {
                "name": "sailor",
                "levels": [
                    20
                ],
                "mons": [
                    "MACHOP"
                ]
            },
            {
                "name": "fisher",
                "levels": [
                    17
                ],
                "mons": [
                    "TENTACOOL",
                    "STARYU",
                    "SHELLDER"
                ]
            }
        ]
    }
}