{
    "MonsNO": 151,
    "ItemsNO": 251,
    "Miscs": 40,
    "MovesNO": 165,
    "VSNO": 341,
    "ItemList": [
        "TM41",
        "COIN CASE",
        "PP UP",
        "FRESH WATER",
        "X ATTACK",
        "X DEFEND",
        "DIRE HIT",
        "X SPEED",
        "SODA POP",
        "LEMONADE",
        "TM13",
        "TM18",
        "TM48",
        "TM49",
        "POK\u00c9 DOLL",
        "TM15",
        "TM23",
        "TM50",
        "FIRE STONE",
        "LEAF STONE",
        "WATER STONE",
        "THUNDER STONE",
        "TM21",
        "RAINBOW BADGE",
        "COINS X 10",
        "COINS X 10",
        "COINS X 10",
        "COINS X 10",
        "COINS X 10",
        "COINS X 10",
        "COINS X 10",
        "COINS X 10",
        "COINS X 20",
        "COINS X 20",
        "COINS X 20",
        "COINS X 20",
        "COINS X 20",
        "COINS X 100",
        "MAX ELIXIR",
        "RARE CANDY",
        "ULTRA BALL",
        "MAX REVIVE",
        "PP UP",
        "RARE CANDY",
        "ULTRA BALL",
        "MAX REVIVE",
        "PP UP",
        "FULL RESTORE",
        "MAX ELIXIR",
        "ULTRA BALL",
        "ULTRA BALL",
        "MAX REVIVE",
        "PP UP",
        "RARE CANDY",
        "BIKE",
        "TM28",
        "REPEL",
        "TM11",
        "CASCADE BADGE",
        "TM35",
        "TM38",
        "VOLCANO BADGE",
        "GOOD ROD",
        "HM04",
        "SAFARI BALL",
        "RARE CANDY",
        "TM06",
        "SOUL BADGE",
        "POK\u00c9 FLUTE",
        "SUPER REPEL",
        "POTION",
        "POTION",
        "RARE CANDY",
        "ESCAPE ROPE",
        "MOON STONE",
        "TM12",
        "TM01",
        "HP UP",
        "ETHER",
        "HELIX FOSSIL / DOME FOSSIL",
        "MOON STONE",
        "TOWN MAP",
        "POK\u00c9DEX",
        "POTION",
        "POK\u00c9 BALL",
        "OLD AMBER",
        "TM34",
        "BOULDER  BADGE",
        "ESCAPE ROPE",
        "CARBOS",
        "MOON STONE",
        "CALCIUM",
        "IRON",
        "MAX POTION",
        "MAX REVIVE",
        "RARE CANDY",
        "RARE CANDY",
        "TM22",
        "FULL RESTORE",
        "SECRET KEY",
        "TM14",
        "ESCAPE ROPE",
        "AWAKENING",
        "ELIXIR",
        "HP UP",
        "NUGGET",
        "ELIXIR",
        "X ACCURACY",
        "RARE CANDY",
        "CARBOS",
        "TM33",
        "TM25",
        "RARE CANDY",
        "HP UP",
        "MAX ELIXIR",
        "PP UP",
        "ESCAPE ROPE",
        "HYPER POTION",
        "PP UP",
        "NUGGET",
        "TM07",
        "MOON STONE",
        "SUPER POTION",
        "RARE CANDY",
        "TM10",
        "NUGGET",
        "LIFT KEY",
        "TM02",
        "HP UP",
        "IRON",
        "SUPER POTION",
        "SILPH SCOPE",
        "POTION",
        "HP UP",
        "MOON STONE",
        "HM05",
        "TM04",
        "GREAT BALL",
        "TM30",
        "ETHER",
        "SUPER POTION",
        "MAX ETHER",
        "ITEM FINDER",
        "ESCAPE ROPE",
        "TM39",
        "TM16",
        "HYPER POTION",
        "IRON",
        "SUPER ROD",
        "CALCIUM",
        "PP UP",
        "EXP. ALL",
        "TM20",
        "HM02",
        "RARE CANDY",
        "FULL RESTORE",
        "MAX REVIVE",
        "PP UP",
        "MAX ELIXIR",
        "MAX ETHER",
        "ULTRA BALL",
        "FULL RESTORE",
        "NUGGET",
        "TM45",
        "ELIXIR",
        "TM19",
        "S.S. TICKET",
        "ETHER",
        "NUGGET",
        "TM37",
        "MAX POTION",
        "FULL RESTORE",
        "CARBOS",
        "TM40",
        "PROTEIN",
        "HM03",
        "MAX REVIVE",
        "REVIVE",
        "MAX POTION",
        "GOLD TEETH",
        "TM32",
        "TM29",
        "TM31",
        "NUGGET",
        "MAX REPEL",
        "TM46",
        "MARSH  BADGE",
        "NUGGET",
        "MAX ELIXIR",
        "ULTRA BALL",
        "TM36",
        "HYPER POTION",
        "ESCAPE ROPE",
        "MAX REVIVE",
        "FULL HEAL",
        "TM09",
        "CARD KEY",
        "PROTEIN",
        "ELIXIR",
        "HP UP",
        "X ACCURACY",
        "CALCIUM",
        "TM03",
        "MAX POTION",
        "TM26",
        "RARE CANDY",
        "CARBOS",
        "MASTER BALL",
        "TM08",
        "MAX ETHER",
        "RARE CANDY",
        "HM01",
        "TM44",
        "ETHER",
        "MAX POTION",
        "HYPER POTION",
        "GREAT BALL",
        "FULL RESTORE",
        "X SPECIAL",
        "NUGGET",
        "ELIXIR",
        "TM 24",
        "THUNDER  BADGE",
        "OLD ROD",
        "BIKE VOUCHER",
        "MAX ETHER",
        "ICE HEAL",
        "TM43",
        "RARE CANDY",
        "GUARD SPEC.",
        "TM05",
        "TM17",
        "FULL HEAL",
        "ULTRA BALL",
        "FULL RESTORE",
        "TM47",
        "MAX REVIVE",
        "TM42",
        "OAK'S PARCEL",
        "POTION",
        "BURN HEAL",
        "PARALYZE HEAL",
        "REVIVE",
        "TM 27",
        "EARTH  BADGE",
        "POK\u00c9 BALL",
        "ANTIDOTE",
        "POTION",
        "POTION",
        "POTION",
        "ANTIDOTE"
    ],
    "Monset": [
        "Bulbasaur",
        "Ivysaur",
        "Venusaur",
        "Charmander",
        "Charmeleon",
        "Charizard",
        "Squirtle",
        "Wartortle",
        "Blastoise",
        "Caterpie",
        "Metapod",
        "Butterfree",
        "Weedle",
        "Kakuna",
        "Beedrill",
        "Pidgey",
        "Pidgeotto",
        "Pidgeot",
        "Rattata",
        "Raticate",
        "Spearow",
        "Fearow",
        "Ekans",
        "Arbok",
        "Pikachu",
        "Raichu",
        "Sandshrew",
        "Sandslash",
        "NidoranF",
        "Nidorina",
        "Nidoqueen",
        "NidoranM",
        "Nidorino",
        "Nidoking",
        "Clefairy",
        "Clefable",
        "Vulpix",
        "Ninetales",
        "Jigglypuff",
        "Wigglytuff",
        "Zubat",
        "Golbat",
        "Oddish",
        "Gloom",
        "Vileplume",
        "Paras",
        "Parasect",
        "Venonat",
        "Venomoth",
        "Diglett",
        "Dugtrio",
        "Meowth",
        "Persian",
        "Psyduck",
        "Golduck",
        "Mankey",
        "Primeape",
        "Growlithe",
        "Arcanine",
        "Poliwag",
        "Poliwhirl",
        "Poliwrath",
        "Abra",
        "Kadabra",
        "Alakazam",
        "Machop",
        "Machoke",
        "Machamp",
        "Bellsprout",
        "Weepinbell",
        "Victreebel",
        "Tentacool",
        "Tentacruel",
        "Geodude",
        "Graveler",
        "Golem",
        "Ponyta",
        "Rapidash",
        "Slowpoke",
        "Slowbro",
        "Magnemite",
        "Magneton",
        "Farfetchd",
        "Doduo",
        "Dodrio",
        "Seel",
        "Dewgong",
        "Grimer",
        "Muk",
        "Shellder",
        "Cloyster",
        "Gastly",
        "Haunter",
        "Gengar",
        "Onix",
        "Drowzee",
        "Hypno",
        "Krabby",
        "Kingler",
        "Voltorb",
        "Electrode",
        "Exeggcute",
        "Exeggutor",
        "Cubone",
        "Marowak",
        "Hitmonlee",
        "Hitmonchan",
        "Lickitung",
        "Koffing",
        "Weezing",
        "Rhyhorn",
        "Rhydon",
        "Chansey",
        "Tangela",
        "Kangaskhan",
        "Horsea",
        "Seadra",
        "Goldeen",
        "Seaking",
        "Staryu",
        "Starmie",
        "MrMime",
        "Scyther",
        "Jynx",
        "Electabuzz",
        "Magmar",
        "Pinsir",
        "Tauros",
        "Magikarp",
        "Gyarados",
        "Lapras",
        "Ditto",
        "Eevee",
        "Vaporeon",
        "Jolteon",
        "Flareon",
        "Porygon",
        "Omanyte",
        "Omastar",
        "Kabuto",
        "Kabutops",
        "Aerodactyl",
        "Snorlax",
        "Articuno",
        "Zapdos",
        "Moltres",
        "Dratini",
        "Dragonair",
        "Dragonite",
        "Mewtwo",
        "Mew"
    ],
    "Routes": [
        "route08",
        "fuchsiacity",
        "route03",
        "route20",
        "rockethideout",
        "ceruleancity",
        "powerplant",
        "lavendertown",
        "route12",
        "route21",
        "vermilioncity",
        "ssanne",
        "undergroundpath7-8",
        "indigoplateau",
        "route25",
        "cinnabarisland",
        "route11",
        "pokemonmansion",
        "rocktunnel",
        "route24",
        "route15",
        "route01",
        "route04",
        "viridiancity",
        "saffroncity",
        "route23",
        "mt.moon",
        "victoryroad",
        "celadoncity",
        "route10",
        "ceruleancave",
        "route16",
        "route17",
        "pallettown",
        "route13",
        "diglett'scave",
        "route07",
        "pokemontower",
        "route06",
        "route02",
        "route14",
        "silphco",
        "pewtercity",
        "route05",
        "route22",
        "viridianforest",
        "route18",
        "route19",
        "safarizone",
        "undergroundpath5-6",
        "route09",
        "seafoamislands"
    ],
    "Moves": [
        "POUND",
        "KARATE_CHOP",
        "DOUBLESLAP",
        "COMET_PUNCH",
        "MEGA_PUNCH",
        "PAY_DAY",
        "FIRE_PUNCH",
        "ICE_PUNCH",
        "THUNDERPUNCH",
        "SCRATCH",
        "VICEGRIP",
        "GUILLOTINE",
        "RAZOR_WIND",
        "SWORDS_DANCE",
        "CUT",
        "GUST",
        "WING_ATTACK",
        "WHIRLWIND",
        "FLY",
        "BIND",
        "SLAM",
        "VINE_WHIP",
        "STOMP",
        "DOUBLE_KICK",
        "MEGA_KICK",
        "JUMP_KICK",
        "ROLLING_KICK",
        "SAND_ATTACK",
        "HEADBUTT",
        "HORN_ATTACK",
        "FURY_ATTACK",
        "HORN_DRILL",
        "TACKLE",
        "BODY_SLAM",
        "WRAP",
        "TAKE_DOWN",
        "THRASH",
        "DOUBLE_EDGE",
        "TAIL_WHIP",
        "POISON_STING",
        "TWINEEDLE",
        "PIN_MISSILE",
        "LEER",
        "BITE",
        "GROWL",
        "ROAR",
        "SING",
        "SUPERSONIC",
        "SONICBOOM",
        "DISABLE",
        "ACID",
        "EMBER",
        "FLAMETHROWER",
        "MIST",
        "WATER_GUN",
        "HYDRO_PUMP",
        "SURF",
        "ICE_BEAM",
        "BLIZZARD",
        "PSYBEAM",
        "BUBBLEBEAM",
        "AURORA_BEAM",
        "HYPER_BEAM",
        "PECK",
        "DRILL_PECK",
        "SUBMISSION",
        "LOW_KICK",
        "COUNTER",
        "SEISMIC_TOSS",
        "STRENGTH",
        "ABSORB",
        "MEGA_DRAIN",
        "LEECH_SEED",
        "GROWTH",
        "RAZOR_LEAF",
        "SOLARBEAM",
        "POISONPOWDER",
        "STUN_SPORE",
        "SLEEP_POWDER",
        "PETAL_DANCE",
        "STRING_SHOT",
        "DRAGON_RAGE",
        "FIRE_SPIN",
        "THUNDERSHOCK",
        "THUNDERBOLT",
        "THUNDER_WAVE",
        "THUNDER",
        "ROCK_THROW",
        "EARTHQUAKE",
        "FISSURE",
        "DIG",
        "TOXIC",
        "CONFUSION",
        "PSYCHIC_M",
        "HYPNOSIS",
        "MEDITATE",
        "AGILITY",
        "QUICK_ATTACK",
        "RAGE",
        "TELEPORT",
        "NIGHT_SHADE",
        "MIMIC",
        "SCREECH",
        "DOUBLE_TEAM",
        "RECOVER",
        "HARDEN",
        "MINIMIZE",
        "SMOKESCREEN",
        "CONFUSE_RAY",
        "WITHDRAW",
        "DEFENSE_CURL",
        "BARRIER",
        "LIGHT_SCREEN",
        "HAZE",
        "REFLECT",
        "FOCUS_ENERGY",
        "BIDE",
        "METRONOME",
        "MIRROR_MOVE",
        "SELFDESTRUCT",
        "EGG_BOMB",
        "LICK",
        "SMOG",
        "SLUDGE",
        "BONE_CLUB",
        "FIRE_BLAST",
        "WATERFALL",
        "CLAMP",
        "SWIFT",
        "SKULL_BASH",
        "SPIKE_CANNON",
        "CONSTRICT",
        "AMNESIA",
        "KINESIS",
        "SOFTBOILED",
        "HI_JUMP_KICK",
        "GLARE",
        "DREAM_EATER",
        "POISON_GAS",
        "BARRAGE",
        "LEECH_LIFE",
        "LOVELY_KISS",
        "SKY_ATTACK",
        "TRANSFORM",
        "BUBBLE",
        "DIZZY_PUNCH",
        "SPORE",
        "FLASH",
        "PSYWAVE",
        "SPLASH",
        "ACID_ARMOR",
        "CRABHAMMER",
        "EXPLOSION",
        "FURY_SWIPES",
        "BONEMERANG",
        "REST",
        "ROCK_SLIDE",
        "HYPER_FANG",
        "SHARPEN",
        "CONVERSION",
        "TRI_ATTACK",
        "SUPER_FANG",
        "SLASH",
        "SUBSTITUTE",
        "STRUGGLE"
    ]
}