{
    "name": "vermilioncity",
    "items": {
        "gym": ["TM 24","THUNDER  BADGE"],
        "0": ["Old Rod","Bike Voucher","Max Ether","Ice Heal"]
    },
    "events": {
        "gym": [],
        "0":["GIFT - SQUIRTLE"]
    },
    "trainers": {
        "gym": [
            {
                "name": "sailor",
                "levels": [
                    24
                ],
                "mons": [
                    "MAGNEMITE"
                ]
            },
            {
                "name": "rocker",
                "levels": [
                    20
                ],
                "mons": [
                    "VOLTORB",
                    "VOLTORB",
                    "VOLTORB"
                ]
            },
            {
                "name": "ltsurge",
                "levels": [
                    28
                ],
                "mons": [
                    "RAICHU"
                ]
            },
            {
                "name": "gentleman",
                "levels": [
                    23
                ],
                "mons": [
                    "VOLTORB",
                    "MAGNEMITE"
                ]
            }
        ]
    }
}