{
    "name": "viridianforest",
    "events": {},
    "items": {
        "0": [
            "Pok\u00e9 Ball",
            "Antidote",
            "Potion",
            "Potion",
            "Potion",
            "Antidote"
        ]
    },
    "trainers": {
        "0": [
            {
                "name": "bugcatcher",
                "levels": [
                    6
                ],
                "mons": [
                    "METAPOD",
                    "CATERPIE",
                    "METAPOD"
                ]
            },
            {
                "name": "bugcatcher",
                "levels": [
                    7
                ],
                "mons": [
                    "CATERPIE",
                    "CATERPIE"
                ]
            },
            {
                "name": "bugcatcher",
                "levels": [
                    10
                ],
                "mons": [
                    "CATERPIE"
                ]
            },
            {
                "name": "bugcatcher",
                "levels": [
                    8
                ],
                "mons": [
                    "CATERPIE",
                    "METAPOD"
                ]
            },
            {
                "name": "lass",
                "levels": [
                    6
                ],
                "mons": [
                    "NIDORANF",
                    "NIDORANM"
                ]
            }
        ]
    }
}