{
    "name": "Centrale Elettrica",
    "events": {
        "0": ["ZAPDOS",
            "Voltorb Trappola",
            "Voltorb Trappola",
            "Voltorb Trappola",
            "Voltorb Trappola",
            "Voltorb Trappola",
            "Voltorb Trappola",
            "Electrode Trappola",
            "Electrode Trappola"
        ]

    },
    "items": {
        "0": [
            "Carburante",
            "MT33 - Riflesso",
            "MT25 - Tuono",
            "Caramella Rara",
            "PS-SU",
            "Elisir Max",
            "PP-SU"
        ]
    },
    "trainers": {}
}