{
    "name": "Fucsiapoli",
    "events": {
    },
    "items": {
        "0": [
            "Amo Buono",
            "MN04 - Forza",
            "Caramella Rara"

        ],
        "Palestra": ["MT06 - Tossina","Medaglia Anima"
    ]
    },
    "trainers": {
        "Palestra": [
            {
                "name": "Giocoliere",
                "levels": [
                    31
                ],
                "mons": [
                    "DROWZEE",
                    "DROWZEE",
                    "KADABRA",
                    "DROWZEE"
                ]
            },
            {
                "name": "Giocoliere",
                "levels": [
                    34
                ],
                "mons": [
                    "DROWZEE",
                    "HYPNO"
                ]
            },
            {
                "name": "Giocoliere",
                "levels": [
                    38
                ],
                "mons": [
                    "HYPNO"
                ]
            },
            {
                "name": "Giocoliere",
                "levels": [
                    34
                ],
                "mons": [
                    "DROWZEE",
                    "KADABRA"
                ]
            },
            {
                "name": "Domatore",
                "levels": [
                    34
                ],
                "mons": [
                    "SANDSLASH",
                    "ARBOK"
                ]
            },
            {
                "name": "Domatore",
                "levels": [
                    33
                ],
                "mons": [
                    "ARBOK",
                    "SANDSLASH",
                    "ARBOK"
                ]
            },
            {
                "name": "Koga",
                "levels": [
                    "44",
                    "46",
                    "48",
                    "50"
                ],
                "mons": [
                    "VENONAT",
                    "VENONAT",
                    "VENONAT",
                    "VENOMOTH"
                ]
            }
        ]
    }
}