{
    "name": "Percorso 24",
    "events": {"0":["Regalo - CHARMANDER", "Glitch MEW "]},
    "items": {
        "0": [
            "Pepita",
            "MT45 - Tuononda"
        ]
    },
    "trainers": {
        "0": [
            {
                "name": "Bullo",
                "levels": [
                    14
                ],
                "mons": [
                    "RATTATA",
                    "EKANS",
                    "ZUBAT"
                ]
            },
            {
                "name": "Pigliamosche",
                "levels": [
                    14
                ],
                "mons": [
                    "CATERPIE",
                    "WEEDLE"
                ]
            },
            {
                "name": "Pupa",
                "levels": [
                    16
                ],
                "mons": [
                    "PIDGEY",
                    "NIDORANF"
                ]
            },
            {
                "name": "Pupa",
                "levels": [
                    14
                ],
                "mons": [
                    "PIDGEY",
                    "NIDORANF"
                ]
            },
            {
                "name": "AllenJr. M",
                "levels": [
                    14
                ],
                "mons": [
                    "RATTATA",
                    "EKANS"
                ]
            },
            {
                "name": "AllenJr. M",
                "levels": [
                    18
                ],
                "mons": [
                    "MANKEY"
                ]
            },
            {
                "name": "Rocket",
                "levels": [
                    15
                ],
                "mons": [
                    "EKANS",
                    "ZUBAT"
                ]
            }
        ]
    }
}