{
    "name": "Percorso 13",
    "events": {},
    "items": {
        "0": [
            "Calcio",
            "PP-SU"
        ]
    },
    "trainers": {
        "0": [
            {
                "name": "AllenJr. F",
                "levels": [
                    24
                ],
                "mons": [
                    "PIDGEY",
                    "MEOWTH",
                    "RATTATA",
                    "PIDGEY",
                    "MEOWTH"
                ]
            },
            {
                "name": "AllenJr. F",
                "levels": [
                    30
                ],
                "mons": [
                    "POLIWAG",
                    "POLIWAG"
                ]
            },
            {
                "name": "AllenJr. F",
                "levels": [
                    27
                ],
                "mons": [
                    "PIDGEY",
                    "MEOWTH",
                    "PIDGEY",
                    "PIDGEOTTO"
                ]
            },
            {
                "name": "AllenJr. F",
                "levels": [
                    28
                ],
                "mons": [
                    "GOLDEEN",
                    "POLIWAG",
                    "HORSEA"
                ]
            },
            {
                "name": "Centauro",
                "levels": [
                    28
                ],
                "mons": [
                    "KOFFING",
                    "KOFFING",
                    "KOFFING"
                ]
            },
            {
                "name": "Bellezza",
                "levels": [
                    27
                ],
                "mons": [
                    "RATTATA",
                    "VULPIX",
                    "RATTATA"
                ]
            },
            {
                "name": "Bellezza",
                "levels": [
                    29
                ],
                "mons": [
                    "CLEFAIRY",
                    "MEOWTH"
                ]
            },
            {
                "name": "Avicoltore",
                "levels": [
                    29
                ],
                "mons": [
                    "PIDGEY",
                    "PIDGEOTTO"
                ]
            },
            {
                "name": "Avicoltore",
                "levels": [
                    25
                ],
                "mons": [
                    "SPEAROW",
                    "PIDGEY",
                    "PIDGEY",
                    "SPEAROW",
                    "SPEAROW"
                ]
            },
            {
                "name": "Avicoltore",
                "levels": [
                    26
                ],
                "mons": [
                    "PIDGEY",
                    "PIDGEOTTO",
                    "SPEAROW",
                    "FEAROW"
                ]
            }
        ]
    }
}