{
    "name": "Percorso 12",
    "events": {
        "0": ["SNORLAX","Scambio - DUGTRIO"]
    },
    "items": {
        "0": [
            "Detector",
            "MT39 - Comete",
            "MT16 - Giornopaga",
            "Iperpozione",
            "Ferro",
            "Super Amo"
        ]
    },
    "trainers": {
        "0": [
            {
                "name": "AllenJr. M",
                "levels": [
                    29
                ],
                "mons": [
                    "NIDORANM",
                    "NIDORINO"
                ]
            },
            {
                "name": "Pescatore",
                "levels": [
                    22
                ],
                "mons": [
                    "GOLDEEN",
                    "POLIWAG",
                    "GOLDEEN"
                ]
            },
            {
                "name": "Pescatore",
                "levels": [
                    24
                ],
                "mons": [
                    "TENTACOOL",
                    "GOLDEEN"
                ]
            },
            {
                "name": "Pescatore",
                "levels": [
                    27
                ],
                "mons": [
                    "GOLDEEN"
                ]
            },
            {
                "name": "Pescatore",
                "levels": [
                    21
                ],
                "mons": [
                    "POLIWAG",
                    "SHELLDER",
                    "GOLDEEN",
                    "HORSEA"
                ]
            },
            {
                "name": "Pescatore",
                "levels": [
                    24
                ],
                "mons": [
                    "MAGIKARP",
                    "MAGIKARP"
                ]
            },
            {
                "name": "Rocker",
                "levels": [
                    29
                ],
                "mons": [
                    "VOLTORB",
                    "ELECTRODE"
                ]
            }
        ]
    }
}