{
    "name": "Percorso 25",
    "events": {},
    "items": {
        "0": [
            "Elisir",
            "MT19 - Mov. Sismico",
            "Biglietto Nave",
            "Etere"
        ]
    },
    "trainers": {
        "0": [
            {
                "name": "Bullo",
                "levels": [
                    15
                ],
                "mons": [
                    "RATTATA",
                    "SPEAROW"
                ]
            },
            {
                "name": "Bullo",
                "levels": [
                    17
                ],
                "mons": [
                    "SLOWPOKE"
                ]
            },
            {
                "name": "Bullo",
                "levels": [
                    14
                ],
                "mons": [
                    "EKANS",
                    "SANDSHREW"
                ]
            },
            {
                "name": "Pupa",
                "levels": [
                    15
                ],
                "mons": [
                    "NIDORANM",
                    "NIDORANF"
                ]
            },
            {
                "name": "Pupa",
                "levels": [
                    13
                ],
                "mons": [
                    "ODDISH",
                    "PIDGEY",
                    "ODDISH"
                ]
            },
            {
                "name": "AllenJr. M",
                "levels": [
                    14
                ],
                "mons": [
                    "RATTATA",
                    "EKANS"
                ]
            },
            {
                "name": "Avventuriero",
                "levels": [
                    15
                ],
                "mons": [
                    "MACHOP",
                    "GEODUDE"
                ]
            },
            {
                "name": "Avventuriero",
                "levels": [
                    13
                ],
                "mons": [
                    "GEODUDE",
                    "GEODUDE",
                    "MACHOP",
                    "GEODUDE"
                ]
            },
            {
                "name": "Avventuriero",
                "levels": [
                    17
                ],
                "mons": [
                    "ONIX"
                ]
            }
        ]
    }
}