{
    "name": "Percorso 14",
    "events": {},
    "items": {},
    "trainers": {
        "0": [
            {
                "name": "Centauro",
                "levels": [
                    29
                ],
                "mons": [
                    "KOFFING",
                    "GRIMER"
                ]
            },
            {
                "name": "Centauro",
                "levels": [
                    26
                ],
                "mons": [
                    "KOFFING",
                    "KOFFING",
                    "GRIMER",
                    "KOFFING"
                ]
            },
            {
                "name": "Centauro",
                "levels": [
                    28
                ],
                "mons": [
                    "GRIMER",
                    "GRIMER",
                    "KOFFING"
                ]
            },
            {
                "name": "Centauro",
                "levels": [
                    29
                ],
                "mons": [
                    "KOFFING",
                    "MUK"
                ]
            },
            {
                "name": "Avicoltore",
                "levels": [
                    33
                ],
                "mons": [
                    "FARFETCHD"
                ]
            },
            {
                "name": "Avicoltore",
                "levels": [
                    29
                ],
                "mons": [
                    "SPEAROW",
                    "FEAROW"
                ]
            },
            {
                "name": "Avicoltore",
                "levels": [
                    28
                ],
                "mons": [
                    "PIDGEY",
                    "DODUO",
                    "PIDGEOTTO"
                ]
            },
            {
                "name": "Avicoltore",
                "levels": [
                    26
                ],
                "mons": [
                    "PIDGEY",
                    "SPEAROW",
                    "PIDGEY",
                    "FEAROW"
                ]
            },
            {
                "name": "Avicoltore",
                "levels": [
                    29
                ],
                "mons": [
                    "PIDGEOTTO",
                    "FEAROW"
                ]
            },
            {
                "name": "Avicoltore",
                "levels": [
                    28
                ],
                "mons": [
                    "SPEAROW",
                    "DODUO",
                    "FEAROW"
                ]
            }
        ]
    }
}