{
    "name": "Percorso 8",
    "events": {},
    "items": {},
    "trainers": {
        "0": [
            {
                "name": "Pupa",
                "levels": [
                    23
                ],
                "mons": [
                    "NIDORANF",
                    "NIDORINA"
                ]
            },
            {
                "name": "Pupa",
                "levels": [
                    24
                ],
                "mons": [
                    "MEOWTH",
                    "MEOWTH",
                    "MEOWTH"
                ]
            },
            {
                "name": "Pupa",
                "levels": [
                    19
                ],
                "mons": [
                    "PIDGEY",
                    "RATTATA",
                    "NIDORANF",
                    "MEOWTH",
                    "NIDORANM"
                ]
            },
            {
                "name": "Pupa",
                "levels": [
                    22
                ],
                "mons": [
                    "CLEFAIRY",
                    "CLEFAIRY"
                ]
            },
            {
                "name": "Cervellone",
                "levels": [
                    20
                ],
                "mons": [
                    "VOLTORB",
                    "KOFFING",
                    "VOLTORB",
                    "MAGNEMITE"
                ]
            },
            {
                "name": "Cervellone",
                "levels": [
                    22
                ],
                "mons": [
                    "GRIMER",
                    "MUK",
                    "GRIMER"
                ]
            },
            {
                "name": "Cervellone",
                "levels": [
                    26
                ],
                "mons": [
                    "KOFFING"
                ]
            },
            {
                "name": "Rischiatutto",
                "levels": [
                    22
                ],
                "mons": [
                    "POLIWAG",
                    "POLIWAG",
                    "POLIWHIRL"
                ]
            },
            {
                "name": "Rischiatutto",
                "levels": [
                    24
                ],
                "mons": [
                    "GROWLITHE",
                    "VULPIX"
                ]
            }
        ]
    }
}