{
    "name": "Percorso 17",
    "events": {},
    "items": {"0":[
        "Caramella Rara",
        "Ricarica Totale",
        "Revitalizzante Max",
        "PP-SU",
        "Elisir Max"
    ]},
    "trainers": {
        "0": [
            {
                "name": "Centauro",
                "levels": [
                    28
                ],
                "mons": [
                    "WEEZING",
                    "KOFFING",
                    "WEEZING"
                ]
            },
            {
                "name": "Centauro",
                "levels": [
                    33
                ],
                "mons": [
                    "MUK"
                ]
            },
            {
                "name": "Centauro",
                "levels": [
                    29
                ],
                "mons": [
                    "VOLTORB",
                    "VOLTORB"
                ]
            },
            {
                "name": "Centauro",
                "levels": [
                    29
                ],
                "mons": [
                    "WEEZING",
                    "MUK"
                ]
            },
            {
                "name": "Centauro",
                "levels": [
                    25
                ],
                "mons": [
                    "KOFFING",
                    "WEEZING",
                    "KOFFING",
                    "KOFFING",
                    "WEEZING"
                ]
            },
            {
                "name": "Zuccapelata",
                "levels": [
                    29
                ],
                "mons": [
                    "MANKEY",
                    "PRIMEAPE"
                ]
            },
            {
                "name": "Zuccapelata",
                "levels": [
                    29
                ],
                "mons": [
                    "MACHOP",
                    "MACHOKE"
                ]
            },
            {
                "name": "Zuccapelata",
                "levels": [
                    33
                ],
                "mons": [
                    "MACHOKE"
                ]
            },
            {
                "name": "Zuccapelata",
                "levels": [
                    26
                ],
                "mons": [
                    "MANKEY",
                    "MANKEY",
                    "MACHOKE",
                    "MACHOP"
                ]
            },
            {
                "name": "Zuccapelata",
                "levels": [
                    29
                ],
                "mons": [
                    "PRIMEAPE",
                    "MACHOKE"
                ]
            }
        ]
    }
}