{
    "name": "Siliph Spa",
    "events": {
        "Piano 06": ["Regalo - LAPRAS"]
    },
    "items": {
        "Piano 01": [
            "MT36 - Autodistruzione"
        ],
        "Piano 02": [
            "Iperpozione"
        ],
        "Piano 03": [
            "Fune di Fuga",
            "Revitalizzante Max",
            "Cura totale"
        ],
        "Piano 04": [
            "MT09- Riduttore",
            "Apriporta",
            "Proteina",
            "Elisir"
        ],
        "Piano 05": [
            "PS-SU",
            "Precisione X"
        ],
        "Piano 06": [
            "Calcio",
            "MT03 - Danzaspada"
        ],
        "Piano 08": [
            "Pozione Max"
        ],
        "Piano 09": [
            "MT26 - Terremoto",
            "Caramella Rara",
            "Carburante"
        ],
        "Piano 10": [
            "Master Ball"
        ]
    },
    "trainers": {
        "Piano 04": [
            {
                "name": "Giocoliere",
                "levels": [
                    29
                ],
                "mons": [
                    "KADABRA",
                    "MR.MIME"
                ]
            },
            {
                "name": "Scienziato",
                "levels": [
                    26
                ],
                "mons": [
                    "MAGNETON",
                    "KOFFING",
                    "WEEZING",
                    "MAGNEMITE"
                ]
            },
            {
                "name": "Rocket",
                "levels": [
                    33
                ],
                "mons": [
                    "ARBOK"
                ]
            },
            {
                "name": "Rocket",
                "levels": [
                    33
                ],
                "mons": [
                    "HYPNO"
                ]
            }
        ],
        "Piano 01": [
            {
                "name": "Scienziato",
                "levels": [
                    26
                ],
                "mons": [
                    "GRIMER",
                    "WEEZING",
                    "KOFFING",
                    "WEEZING"
                ]
            },
            {
                "name": "Scienziato",
                "levels": [
                    28
                ],
                "mons": [
                    "MAGNEMITE",
                    "VOLTORB",
                    "MAGNETON"
                ]
            },
            {
                "name": "Rocket",
                "levels": [
                    29
                ],
                "mons": [
                    "CUBONE",
                    "ZUBAT"
                ]
            },
            {
                "name": "Rocket",
                "levels": [
                    25
                ],
                "mons": [
                    "GOLBAT",
                    "ZUBAT",
                    "ZUBAT",
                    "RATICATE",
                    "ZUBAT"
                ]
            }
        ],
        "Piano 02": [
            {
                "name": "Scienziato",
                "levels": [
                    29
                ],
                "mons": [
                    "ELECTRODE",
                    "WEEZING"
                ]
            },
            {
                "name": "Rocket",
                "levels": [
                    28
                ],
                "mons": [
                    "RATICATE",
                    "HYPNO",
                    "RATICATE"
                ]
            }
        ],
        "Piano 03": [
            {
                "name": "Scienziato",
                "levels": [
                    33
                ],
                "mons": [
                    "ELECTRODE"
                ]
            },
            {
                "name": "Rocket",
                "levels": [
                    29
                ],
                "mons": [
                    "MACHOP",
                    "DROWZEE"
                ]
            },
            {
                "name": "Rocket",
                "levels": [
                    28
                ],
                "mons": [
                    "EKANS",
                    "ZUBAT",
                    "CUBONE"
                ]
            }
        ],
        "Piano 05": [
            {
                "name": "Scienziato",
                "levels": [
                    25
                ],
                "mons": [
                    "VOLTORB",
                    "KOFFING",
                    "MAGNETON",
                    "MAGNEMITE",
                    "KOFFING"
                ]
            },
            {
                "name": "Rocket",
                "levels": [
                    29
                ],
                "mons": [
                    "MACHOP",
                    "MACHOKE"
                ]
            },
            {
                "name": "Rocket",
                "levels": [
                    28
                ],
                "mons": [
                    "ZUBAT",
                    "ZUBAT",
                    "GOLBAT"
                ]
            }
        ],
        "Piano 06": [
            {
                "name": "Scienziato",
                "levels": [
                    29
                ],
                "mons": [
                    "ELECTRODE",
                    "MUK"
                ]
            },
            {
                "name": "Rocket",
                "levels": [
                    26
                ],
                "mons": [
                    "RATICATE",
                    "ARBOK",
                    "KOFFING",
                    "GOLBAT"
                ]
            },
            {
                "name": "Rocket",
                "levels": [
                    29
                ],
                "mons": [
                    "CUBONE",
                    "CUBONE"
                ]
            },
            {
                "name": "Rocket",
                "levels": [
                    29
                ],
                "mons": [
                    "SANDSHREW",
                    "SANDSLASH"
                ]
            },
            {
                "name": "Rivale",
                "levels": [
                    "38",
                    "35",
                    "37",
                    "35",
                    "40"
                ],
                "mons": [
                    "SANDSLASH",
                    "MAGNETON",
                    "NINETALES",
                    "KADABRA",
                    "VAPOREON"
                ]
            },
            {
                "name": "Rivale",
                "levels": [
                    "38",
                    "35",
                    "37",
                    "35",
                    "40"
                ],
                "mons": [
                    "SANDSLASH",
                    "NINETALES",
                    "CLOYSTER",
                    "KADABRA",
                    "JOLTEON"
                ]
            },
            {
                "name": "Rivale",
                "levels": [
                    "38",
                    "35",
                    "37",
                    "35",
                    "40"
                ],
                "mons": [
                    "SANDSLASH",
                    "CLOYSTER",
                    "MAGNETON",
                    "KADABRA",
                    "FLAREON"
                ]
            }
        ],
        "Piano 07": [
            {
                "name": "Scienziato",
                "levels": [
                    29
                ],
                "mons": [
                    "GRIMER",
                    "ELECTRODE"
                ]
            },
            {
                "name": "Rocket",
                "levels": [
                    26
                ],
                "mons": [
                    "RATICATE",
                    "ZUBAT",
                    "GOLBAT",
                    "RATTATA"
                ]
            },
            {
                "name": "Rocket",
                "levels": [
                    28
                ],
                "mons": [
                    "WEEZING",
                    "GOLBAT",
                    "KOFFING"
                ]
            }
        ],
        "Piano 08": [
            {
                "name": "Scienziato",
                "levels": [
                    28
                ],
                "mons": [
                    "VOLTORB",
                    "KOFFING",
                    "MAGNETON"
                ]
            },
            {
                "name": "Rocket",
                "levels": [
                    28
                ],
                "mons": [
                    "DROWZEE",
                    "GRIMER",
                    "MACHOP"
                ]
            },
            {
                "name": "Rocket",
                "levels": [
                    28
                ],
                "mons": [
                    "GOLBAT",
                    "DROWZEE",
                    "HYPNO"
                ]
            }
        ],
        "Piano 09": [
            {
                "name": "Scienziato",
                "levels": [
                    29
                ],
                "mons": [
                    "MAGNEMITE",
                    "KOFFING"
                ]
            },
            {
                "name": "Rocket",
                "levels": [
                    33
                ],
                "mons": [
                    "MACHOKE"
                ]
            }
        ],
        "Piano 10": [
            {
                "name": "Rocket",
                "levels": [
                    25
                ],
                "mons": [
                    "RATTATA",
                    "RATTATA",
                    "ZUBAT",
                    "RATTATA",
                    "EKANS"
                ]
            },
            {
                "name": "Jesse&James",
                "levels": [
                    31
                ],
                "mons": [
                    "WEEZING",
                    "ARBOK",
                    "MEOWTH"
                ]
            },
            {
                "name": "giovanni",
                "levels": [
                    "37",
                    "37",
                    "35",
                    "41"
                ],
                "mons": [
                    "NIDORINO",
                    "RHYHORN",
                    "PERSIAN",
                    "NIDOQUEEN"
                ]
            }
        ]
    }
}