{
    "name": "Smeraldopoli",
    "events": {
          },
    "items": {
        "0": [
            "MT42 - Mangiasogni",
            "Pacco Oak",
            "Pozione",
            "Antiscottatura",
            "Antiparalisi"
        ],
        "Palestra": ["Revitalizzante","MT27 - Abisso","Medaglia Terra"]
    },
    "trainers": {
        "Palestra": [
            {
                "name": "Domatore",
                "levels": [
                    43
                ],
                "mons": [
                    "RHYHORN"
                ]
            },
            {
                "name": "Domatore",
                "levels": [
                    39
                ],
                "mons": [
                    "ARBOK",
                    "TAUROS"
                ]
            },
            {
                "name": "Cinturanera",
                "levels": [
                    40
                ],
                "mons": [
                    "MACHOP",
                    "MACHOKE"
                ]
            },
            {
                "name": "Cinturanera",
                "levels": [
                    43
                ],
                "mons": [
                    "MACHOKE"
                ]
            },
            {
                "name": "Cinturanera",
                "levels": [
                    38
                ],
                "mons": [
                    "MACHOKE",
                    "MACHOP",
                    "MACHOKE"
                ]
            },
            {
                "name": "Fantallen. M",
                "levels": [
                    39
                ],
                "mons": [
                    "NIDORINO",
                    "NIDOKING"
                ]
            },
            {
                "name": "Fantallen. M",
                "levels": [
                    39
                ],
                "mons": [
                    "SANDSLASH",
                    "DUGTRIO"
                ]
            },
            {
                "name": "Fantallen. M",
                "levels": [
                    43
                ],
                "mons": [
                    "RHYHORN"
                ]
            },
            {
                "name": "Giovanni",
                "levels": [
                    "50",
                    "53",
                    "53",
                    "55",
                    "55"
                ],
                "mons": [
                    "DUGTRIO",
                    "PERSIAN",
                    "NIDOQUEEN",
                    "NIDOKING",
                    "RHYDON"
                ]
            }
        ]    }
}