{
    "MonsNO": 151,
    "ItemsNO": 251,
    "MiscsNO": 40,
    "MovesNO": 165,
    "VSNO": 350,
    "ItemList": [
        {"REGALO - PIKACHU":["pikachu.png",0]},
        {"MEDAGLIA SASSO":["BOULDERBADGE.png",0]},
        {"MEDAGLIA CASCATA":["CASCADEBADGE.png",0]},
        {"MEDAGLIA TUONO":["THUNDERBADGE.png",0]},
        {"MEDAGLIA ARCOBALENO":["RAINBOWBADGE.png",0]},
        {"MEDAGLIA ANIMA":["SOULBADGE.png",0]},
        {"MEDAGLIA PALUDE":["MARSHBADGE.png",0]},
        {"MEDAGLIA VULCANO":["VOLCANOBADGE.png",1]},
        {"MEDAGLIA TERRA":["EARTHBADGE.png",0]},
        {"SALA D'ONORE":["HALLOFFAME.png",0]},
        {"PACCO OAK":["PARCEL.png",0]},
        {"POK\u00c9DEX":["DEX.png",0]},
        {"DIPLOMA":["DIPLOMA.png",0]},
        {"MAPPA CITT\u00c0":["TOWNMAP.png",1]},
        {"VOUCHER BICI":["BIKEVOUCHER.png",0]},
        {"BICI":["BIKE.png",0]},
        {"BIGLIETTO NAVE":["SSTICKET.png",0]},
        {"SALVADANAIO":["COINCASE.png",0]},
        {"GETTONI":["COINS.png",0]},
        {"CHIAVE SEGRETA":["SECRETKEY.png",0]},
        {"SPETTROSONDA":["SCOPE.png",0]},
        {"POK\u00c9FLAUTO":["FLUTE.png",0]},
        {"RICERCA STRUMENTI":["DETECTOR.png",0]},
        {"DISTR. ESP":["EXPSHARE.png",0]},
        {"DENTI D'ORO":["GOLDTEETH.png",0]},
        {"CHIAVE ASCENSORE":["LIFTKEY.png",0]},
        {"APRIPORTA":["CARDKEY.png",0]},        
        {"HELIXFOSSILE / DOMOFOSSILE":["FOSSILS.png",1]},
        {"AMBRA ANTICA":["OLDAMBER.png",0]},
        {"AMO VECCHIO":["OLDROD.png",0]},
        {"blank":0},
        {"AMO BUONO":["GOODROD.png",0]},
        {"SUPER AMO":["SUPERROD.png",0]},
        {"POK\u00c9BALL":["BALL.png",1]},
        {"MEGA BALL":["GREATBALL.png",1]},
        {"ULTRABALL":["ULTRABALL.png",1]},
        {"SAFARIBALL":["SAFARIBALL.png",0]},
        {"MASTERBALL":["MASTERBALL.png",0]},
        {"blank":0},
        {"blank":0},
        {"POZIONE":["POTION.png",1]},
        {"SUPERPOZIONE":["SUPERPOTION.png",1]},
        {"IPERPOZIONE":["HYPERPOTION.png",1]},
        {"POZIONE MAX":["MAXPOTION.png",1]},
        {"RICARICA TOTALE":["FULLRESTORE.png",1]},
        {"ANTIDOTO":["ANTIDOTE.png",1]},
        {"ANTIPARALISI":["PARALYZEHEAL.png",1]},
        {"SVEGLIA":["AWAKENING.png",1]},
        {"ANTISCOTTATURA":["BURNHEAL.png",1]},
        {"ANTIGELO":["ICEHEAL.png",1]},
        {"CURA TOTALE":["FULLHEAL.png",1]},
        {"ACQUA FRESCA":["FRESHWATER.png",1]},
        {"GASSOSA":["SODAPOP.png",1]},
        {"LIMONATA":["LEMONADE.png",1]},
        {"ETERE":["ETHER.png",1]},
        {"ETERE MAX":["MAXETHER.png",1]},
        {"ELISIR":["ELIXIR.png",1]},
        {"ELISIR MAX":["MAXELIXIR.png",1]},
        {"PS-SU":["HPUP.png",1]},
        {"PP-SU":["PPUP.png",1]},
        {"CALCIO":["CALCIUM.png",1]},
        {"CARBURANTE":["CARBOS.png",1]},
        {"FERRO":["IRON.png",1]},
        {"PROTEINA":["PROTEIN.png",1]},
        {"ATTACCO X":["XATTACK.png",1]},
        {"DIFESA X":["XDEFEND.png",1]},
        {"SPECIAL X":["XSPECIAL.png",1]},
        {"VELOCIT\u00c0 X":["XSPEED.png",1]},
        {"PRECISIONE X":["XACCURACY.png",1]},
        {"SUPERCOLPO":["DIREHIT.png",1]},
        {"SUPERGUARDIA":["GUARDSPEC.png",1]},
        {"PIETRAFOCAIA":["FIRESTONE.png",1]},
        {"PIETRAIDRICA":["WATERSTONE.png",1]},
        {"PIETRAFOGLIA":["LEAFSTONE.png",1]},
        {"PIETRATUONO":["THUNDERSTONE.png",1]},
        {"PIETRALUNARE":["MOONSTONE.png",1]},
        {"REPELLENTE":["REPEL.png",1]},
        {"SUPERREPELLENTE":["SUPERREPEL.png",1]},
        {"REPELLENTE MAX":["MAXREPEL.png",1]},
        {"REVITALIZZANTE":["REVIVE.png",1]},
        {"blank":0},
        {"blank":0},
        {"REVITALIZZANTE MAX":["MAXREVIVE.png",1]},       
        {"PEPITA":["NUGGET.png",1]},
        {"CARAMELLA RARA":["RARECANDY.png",1]},
        {"POK\u00c9BAMBOLA":["DOLL.png",1]},
        {"FUNE DI FUGA":["ESCAPEROPE.png",1]},
        {"blank":0},
        {"blank":0},
        {"blank":0},
        {"blank":0},
        {"blank":0},
        {"MN01 - TAGLIO":["HMNormal.png",0]},
        {"MN02 - VOLO":["HMFly.png",0]},
        {"MN03 - SURF":["HMWater.png",0]},
        {"MN04 - FORZA":["HMNormal.png",0]},
        {"MN05 - FLASH":["HMNormal.png",0]},
        {"blank":0},
        {"blank":0},
        {"blank":0},
        {"MT01- MEGAPUGNO":["TMNormal.png",0]},
        {"MT02 - VENTAGLIENTE":["TMNormal.png",0]},
        {"MT03 - DANZASPADA":["TMNormal.png",0]},
        {"MT04 - TURBINE":["TMNormal.png",0]},
        {"MT05 - MEGACALCIO":["TMNormal.png",0]},
        {"MT06 - TOSSINA":["TMPoison.png",0]},
        {"MT07 - PERFORCORNO":["TMNormal.png",0]},
        {"MT08 - CORPOSCONTRO":["TMNormal.png",0]},
        {"MT09 - RIDUTTORE":["TMNormal.png",0]},
        {"MT10 - SDOPPIATORE":["TMNormal.png",0]},
        {"MT11 - BOLLARAGGIO":["TMWater.png",0]},
        {"MT12 - PISTOLACQUA":["TMWater.png",0]},
        {"MT13 -  GELORAGGIO":["TMIce.png",0]},
        {"MT14 - BORA":["TMIce.png",0]},
        {"MT15 - IPER RAGGIO":["TMNormal.png",0]},
        {"MT16 - GIORNOPAGA":["TMNormal.png",0]},
        {"MT17 - SOTTOMISSIONE":["TMFighting.png",0]},
        {"MT18 - CONTATORE":["TMFighting.png",0]},
        {"MT19 - MOV. SISMICO":["TMFighting.png",0]},
        {"MT20 - IRA":["TMNormal.png",0]},
        {"MT21 - MEGASSORBIMENTO":["TMGrass.png",0]},
        {"MT22 - SOLARAGGIO":["TMGrass.png",0]},
        {"MT23 - IRA DI DRAGO":["TMDragon.png",0]},
        {"MT24 - FULMINE":["TMElectric.png",0]},
        {"MT25 - TUONO":["TMElectric.png",0]},
        {"MT26 - TERREMOTO":["TMGround.png",0]},
        {"MT27 - ABISSO":["TMGround.png",0]},
        {"MT28 - FOSSA":["TMGround.png",0]},
        {"MT29 - PSICHICO":["TMPsychic.png",0]},
        {"MT30 - TELETRASPORTO":["TMPsychic.png",0]},
        {"MT31 - MIMICA":["TMNormal.png",0]},
        {"MT32 - DOPPIOTEAM":["TMNormal.png",0]},
        {"MT33 - RIFLESSO":["TMPsychic.png",0]},
        {"MT34 - PAZIENZA":["TMNormal.png",0]},
        {"MT35 - METRONOMO":["TMNormal.png",0]},
        {"MT36 - AUTODISTRUZIONE":["TMNormal.png",0]},
        {"MT37 - UOVOBOMBA":["TMNormal.png",0]},
        {"MT38 - FUOCOBOMBA":["TMFire.png",0]},
        {"MT39 - COMETE":["TMNormal.png",0]},
        {"MT40 - CAPOCCIATA":["TMNormal.png",0]},
        {"MT41 - COVAUOVA":["TMNormal.png",0]},
        {"MT42 - MANGIASOGNI":["TMPsychic.png",0]},
        {"MT43 - MANGIASOGNI":["TMFly.png",0]},
        {"MT44 - Riposo":["TMPsychic.png",0]},
        {"MT45 - TUONONDA":["TMElectric.png",0]},
        {"MT46 - PSICONDA":["TMPsychic.png",0]},
        {"MT47 - ESPLOSIONE":["TMNormal.png",0]},
        {"MT48 - FRANA":["TMRock.png",0]},
        {"MT49 - TRIPLETTA":["TMNormal.png",0]},
        {"MT50 - SOSTITUTO":["TMNormal.png",0]},
        {"MASSIMIZZA FELICIT\u00c0 PIKACHU":["happychu.png",0]},
        {"TUTTE ACROBAZIE SURFING PIKACHU":["surfachu.png",0]},
        {"777":["777.png",0]},
        {"RESUSCITA FOSSILI":["omabuto.png",0]},
        {"RESUSCITA AMBRA ANTICA":["aerodactyl.png",0]},
        {"SCONFIGGI FANTASMA MAROWAK":["marowak.png",0]},
        {"DISSETA GUARDIE":["TEA.png",0]},
        {"VOLTORB TRAPPOLA":["voltorb.png",1]},
        {"ELECTRODE TRAPPOLA":["electrode.png",1]},
        {"SCAMBIO - MR.MIME":["trademime.png",0]},
        {"SCAMBIO - DUGTRIO":["tradetrio.png",0]},
        {"SCAMBIO - PARASECT":["tradasect.png",0]},
        {"SCAMBIO -MACHOKE":["tradechoke.png",0]},
        {"SCAMBIO - DEWGONG":["tradewgong.png",0]},
        {"SCAMBIO - MUK":["trademuk.png",0]},
        {"SCAMBIO - RHYDON":["tradedon.png",0]},
        {"COMPRA MAGIKARP":["magikarp.png",0]},
        {"COMPRA PORYGON":["BuyPORYGON.png",0]},
        {"REGALO - EVEE":["eevee.png"]},
        {"REGALO - HITMON*":["hitman.png",0]},
        {"REGALO - LAPRAS":["lapras.png",0]},
        {"REGALO - BULBASAUR":["bulbasaur",0]},
        {"REGALO - SQUIRTLE":["squirtle.png",0]},
        {"REGALO - CHARMANDER":["Charmander.png",0]},
        {"SNORLAX":["snorlax.png",0]},
        {"GLITCH MEW":["Glitchew.png",0]},      
        {"ZAPDOS":["zapdos.png",0]},
        {"ARTICUNO":["articuno.png",0]},
        {"MOLTRES":["moltres.png",0]},
        {"MEWTWO":["mewtwo.png",0]}
    ],
    "Monset": [
        "Bulbasaur",
        "Ivysaur",
        "Venusaur",
        "Charmander",
        "Charmeleon",
        "Charizard",
        "Squirtle",
        "Wartortle",
        "Blastoise",
        "Caterpie",
        "Metapod",
        "Butterfree",
        "Weedle",
        "Kakuna",
        "Beedrill",
        "Pidgey",
        "Pidgeotto",
        "Pidgeot",
        "Rattata",
        "Raticate",
        "Spearow",
        "Fearow",
        "Ekans",
        "Arbok",
        "Pikachu",
        "Raichu",
        "Sandshrew",
        "Sandslash",
        "NidoranF",
        "Nidorina",
        "Nidoqueen",
        "NidoranM",
        "Nidorino",
        "Nidoking",
        "Clefairy",
        "Clefable",
        "Vulpix",
        "Ninetales",
        "Jigglypuff",
        "Wigglytuff",
        "Zubat",
        "Golbat",
        "Oddish",
        "Gloom",
        "Vileplume",
        "Paras",
        "Parasect",
        "Venonat",
        "Venomoth",
        "Diglett",
        "Dugtrio",
        "Meowth",
        "Persian",
        "Psyduck",
        "Golduck",
        "Mankey",
        "Primeape",
        "Growlithe",
        "Arcanine",
        "Poliwag",
        "Poliwhirl",
        "Poliwrath",
        "Abra",
        "Kadabra",
        "Alakazam",
        "Machop",
        "Machoke",
        "Machamp",
        "Bellsprout",
        "Weepinbell",
        "Victreebel",
        "Tentacool",
        "Tentacruel",
        "Geodude",
        "Graveler",
        "Golem",
        "Ponyta",
        "Rapidash",
        "Slowpoke",
        "Slowbro",
        "Magnemite",
        "Magneton",
        "Farfetchd",
        "Doduo",
        "Dodrio",
        "Seel",
        "Dewgong",
        "Grimer",
        "Muk",
        "Shellder",
        "Cloyster",
        "Gastly",
        "Haunter",
        "Gengar",
        "Onix",
        "Drowzee",
        "Hypno",
        "Krabby",
        "Kingler",
        "Voltorb",
        "Electrode",
        "Exeggcute",
        "Exeggutor",
        "Cubone",
        "Marowak",
        "Hitmonlee",
        "Hitmonchan",
        "Lickitung",
        "Koffing",
        "Weezing",
        "Rhyhorn",
        "Rhydon",
        "Chansey",
        "Tangela",
        "Kangaskhan",
        "Horsea",
        "Seadra",
        "Goldeen",
        "Seaking",
        "Staryu",
        "Starmie",
        "Mr.Mime",
        "Scyther",
        "Jynx",
        "Electabuzz",
        "Magmar",
        "Pinsir",
        "Tauros",
        "Magikarp",
        "Gyarados",
        "Lapras",
        "Ditto",
        "Eevee",
        "Vaporeon",
        "Jolteon",
        "Flareon",
        "Porygon",
        "Omanyte",
        "Omastar",
        "Kabuto",
        "Kabutops",
        "Aerodactyl",
        "Snorlax",
        "Articuno",
        "Zapdos",
        "Moltres",
        "Dratini",
        "Dragonair",
        "Dragonite",
        "Mewtwo",
        "Mew"
    ],
    "Routes": [
        "Altopiano_Blu",
        "Aranciopoli",
        "Azzurropoli",
        "Biancavilla",
        "Bosco_Smeraldo",
        "Celestopoli",
        "Centrale_Elettrica",
        "Fuchsiapoli",
        "Grotta_celeste",
        "Grotta_Diglett",
        "Isola_Cannella",
        "Isole_Spumarine",
        "Lavandonia",
        "MN_Anna",
        "Monte_Luna",
        "Nascondiglio_Rocket",
        "Passaggio_sott_5-6",
        "Passaggio_sott_7-8",
        "Percorso_01",
        "Percorso_02",
        "Percorso_03",
        "Percorso_04",
        "Percorso_05",
        "Percorso_06",
        "Percorso_07",
        "Percorso_08",
        "Percorso_09",
        "Percorso_10",
        "Percorso_11",
        "Percorso_12",
        "Percorso_13",
        "Percorso_14",
        "Percorso_15",
        "Percorso_16",
        "Percorso_17",
        "Percorso_18",
        "Percorso_19",
        "Percorso_20",
        "Percorso_21",
        "Percorso_22",
        "Percorso_23",
        "Percorso_24",
        "Percorso_25",
        "Plumbeopoli",
        "Silph_Spa",
        "Smeraldopoli",
        "Torre_Pokemon",
        "Tunnel_Roccioso",
        "Via_Vittoria",
        "Villa_Pokemon",
        "Zafferanopoli",
        "Zona_Safari"
    ],
    "Moves": [
        "Abisso",
        "Acido",
        "Aeroattacco",
        "Affilatore",
        "Agilit\u00e0",
        "Amnesia",
        "Assorbimento",
        "Attacco d\u2019Ala",
        "Attacco Pioggia",
        "Attacco Rapido",
        "Autodistruzione",
        "Avvolgibotta",
        "Azione",
        "Bagliore",
        "Barriera",
        "Beccata",
        "Boato",
        "Body Slam",
        "Bolla",
        "Bollaraggio",
        "Bora",
        "Bottintesta",
        "Braciere",
        "Calcinvolo",
        "Calciorullo",
        "Calciosalto",
        "Canto",
        "Capocciata",
        "Cascata",
        "Cin\u00e8si",
        "Colpo",
        "Colpo Basso",
        "Colpocoda",
        "Colpokarate",
        "Cometapugno",
        "Comete",
        "Confusione",
        "Contatore",
        "Conversione",
        "Covauova",
        "Crescita",
        "Danzaspada",
        "Demonbacio",
        "Doppiasberla",
        "Doppio Ago",
        "Doppiocalcio",
        "Doppioteam",
        "Energy Conc. ",
        "Esplosione",
        "Fango",
        "Flash",
        "Foglielama",
        "Forza",
        "Fossa",
        "Frana",
        "Frustata",
        "Fulmine",
        "Fulmisguardo",
        "Fuocobomba",
        "Fuocopugno",
        "Furia",
        "Gelopugno",
        "Geloraggio",
        "Ghigliottina",
        "Giornopaga",
        "Graffio",
        "Idropompa",
        "Incornata",
        "Inibitore",
        "Iperraggio",
        "Iperzanna",
        "Ipnosi",
        "Ira",
        "Ira di Drago",
        "Lacerazione",
        "Lanciafiamme",
        "Leccata",
        "Legatutto",
        "Libbra",
        "Limitazione",
        "Mangiasogni",
        "Martellata",
        "Meditazione",
        "Megacalcio",
        "Megapugno",
        "Megassorbimento",
        "Metronomo",
        "Millebave",
        "Mimica",
        "Minimizzato",
        "Missilspillo",
        "Morso",
        "Movimento Sismico",
        "Muro di Fumo",
        "Nebbia",
        "Nube",
        "Ombra Notturna",
        "Ossoclava",
        "Ossomerang",
        "Paralizzante",
        "Parassiseme",
        "Pazienza",
        "Perforbecco",
        "Perforcorno",
        "Pestone",
        "Petalodanza",
        "Pistolacqua",
        "Presa",
        "Psichico",
        "Psiconda",
        "Psicoraggio",
        "Raffica",
        "Rafforzatore",
        "Raggiaurora",
        "Ricciolscudo",
        "Riduttore",
        "Riflesso",
        "Riposo",
        "Ripresa",
        "Ritirata",
        "Ruggito",
        "Sanguisuga",
        "Sassata",
        "Schermoluce",
        "Schianto",
        "Scontro",
        "Scudo Acido",
        "Sdoppiatore",
        "Sfuriate",
        "Smog",
        "Solarraggio",
        "Sonicboom",
        "Sonnifero",
        "Sostituto",
        "Sottomissione",
        "Sparalance",
        "Speculmossa",
        "Splash",
        "Spora",
        "Stordipugno",
        "Stordiraggio",
        "Stridio",
        "Supersuono",
        "Superzanna",
        "Surf",
        "Taglio",
        "Teletrasporto",
        "Tenaglia",
        "Terremoto",
        "Tossina",
        "Trasformazione",
        "Tripletta",
        "Tuono",
        "Tuononda",
        "Tuonopugno",
        "Tuonoshock",
        "Turbine",
        "Turbofuoco",
        "Turbosabbia",
        "Uovobomba",
        "Velenogas",
        "Velenospina",
        "Velenpolvere",
        "Ventagliente",
        "Volo"
    ]
}