{
    "name": "rocktunnel",
    "events": {
    },
    "items": {

    },
    "trainers": {
        "Piano -1": [
            {
                "name": "AllenJr. F",
                "levels": [
                    21
                ],
                "mons": [
                    "JIGGLYPUFF",
                    "PIDGEY",
                    "MEOWTH"
                ]
            },
            {
                "name": "AllenJr. F",
                "levels": [
                    22
                ],
                "mons": [
                    "ODDISH",
                    "BULBASAUR"
                ]
            },
            {
                "name": "Pokefanatico",
                "levels": [
                    20
                ],
                "mons": [
                    "SLOWPOKE",
                    "SLOWPOKE",
                    "SLOWPOKE"
                ]
            },
            {
                "name": "Pokefanatico",
                "levels": [
                    22
                ],
                "mons": [
                    "CHARMANDER",
                    "CUBONE"
                ]
            },
            {
                "name": "Pokefanatico",
                "levels": [
                    25
                ],
                "mons": [
                    "SLOWPOKE"
                ]
            },
            {
                "name": "Avventuriero",
                "levels": [
                    21
                ],
                "mons": [
                    "GEODUDE",
                    "GEODUDE",
                    "GRAVELER"
                ]
            },
            {
                "name": "Avventuriero",
                "levels": [
                    25
                ],
                "mons": [
                    "GEODUDE"
                ]
            },
            {
                "name": "Avventuriero",
                "levels": [
                    20
                ],
                "mons": [
                    "MACHOP",
                    "ONIX"
                ]
            }
        ],
        "Piano 0": [
            {
                "name": "AllenJr. F",
                "levels": [
                    22
                ],
                "mons": [
                    "BELLSPROUT",
                    "CLEFAIRY"
                ]
            },
            {
                "name": "AllenJr. F",
                "levels": [
                    20
                ],
                "mons": [
                    "MEOWTH",
                    "ODDISH",
                    "PIDGEY"
                ]
            },
            {
                "name": "AllenJr. F",
                "levels": [
                    19
                ],
                "mons": [
                    "PIDGEY",
                    "RATTATA",
                    "RATTATA",
                    "BELLSPROUT"
                ]
            },
            {
                "name": "Pokefanatico",
                "levels": [
                    23
                ],
                "mons": [
                    "CUBONE",
                    "SLOWPOKE"
                ]
            },
            {
                "name": "Avventuriero",
                "levels": [
                    19
                ],
                "mons": [
                    "GEODUDE",
                    "MACHOP",
                    "GEODUDE",
                    "GEODUDE"
                ]
            },
            {
                "name": "Avventuriero",
                "levels": [
                    20
                ],
                "mons": [
                    "ONIX",
                    "ONIX",
                    "GEODUDE"
                ]
            },
            {
                "name": "Avventuriero",
                "levels": [
                    21
                ],
                "mons": [
                    "GEODUDE",
                    "GRAVELER"
                ]
            }
        ]
    }
}