{
    "name": "Via Vittoria",
    "events": {
        "Piano 02": ["MOLTRES"]
    },
    "items": {
        "Piano 0": [
            "MT43 - Mangiasogni",
            "Caramella Rara"
        ],
        "Piano 01": [
            "Superguardia",
            "MT05 - Megacalcio",
            "MT17 - Sottomissione",
            "Cura totale",
            "Ultra Ball",
            "Ricarica Totale"
        ],
        "Piano 02": [
            "MT47 - Esplosione",
            "Revitalizzante Max"
        ]
    },
    "trainers": {
        "Piano 01": [
            {
                "name": "Pokefanatico",
                "levels": [
                    40
                ],
                "mons": [
                    "CHARMELEON",
                    "LAPRAS",
                    "LICKITUNG"
                ]
            },
            {
                "name": "Giocoliere",
                "levels": [
                    41
                ],
                "mons": [
                    "DROWZEE",
                    "HYPNO",
                    "KADABRA",
                    "KADABRA"
                ]
            },
            {
                "name": "Giocoliere",
                "levels": [
                    48
                ],
                "mons": [
                    "MR.MIME"
                ]
            },
            {
                "name": "Domatore",
                "levels": [
                    44
                ],
                "mons": [
                    "PERSIAN",
                    "GOLDUCK"
                ]
            },
            {
                "name": "Cinturanera",
                "levels": [
                    43
                ],
                "mons": [
                    "MACHOKE",
                    "MACHOP",
                    "MACHOKE"
                ]
            }
        ],
        "Piano 02": [
            {
                "name": "Fantallen. M",
                "levels": [
                    43
                ],
                "mons": [
                    "EXEGGUTOR",
                    "CLOYSTER",
                    "ARCANINE"
                ]
            },
            {
                "name": "Fantallen. M",
                "levels": [
                    43
                ],
                "mons": [
                    "KINGLER",
                    "TENTACRUEL",
                    "BLASTOISE"
                ]
            },
            {
                "name": "Fantallen. F",
                "levels": [
                    43
                ],
                "mons": [
                    "BELLSPROUT",
                    "WEEPINBELL",
                    "VICTREEBEL"
                ]
            },
            {
                "name": "Fantallen. F",
                "levels": [
                    43
                ],
                "mons": [
                    "PARASECT",
                    "DEWGONG",
                    "CHANSEY"
                ]
            }
        ],
        "Piano 0": [
            {
                "name": "Fantallen. M",
                "levels": [
                    42
                ],
                "mons": [
                    "IVYSAUR",
                    "WARTORTLE",
                    "CHARMELEON",
                    "CHARIZARD"
                ]
            },
            {
                "name": "Fantallen. F",
                "levels": [
                    44
                ],
                "mons": [
                    "PERSIAN",
                    "NINETALES"
                ]
            }
        ]
    }
}