{
    "name": "pokemonmansion",
    "events": {
    },
    "items": {
        "Piano 0": [
            "Fune di Fuga",
            "Carburante",
            "Pietralunare"
        ],
        "Piano 01": [
            "Calcio"
        ],
        "Piano 02": [
            "Ferro",
            "Pozione Max",
            "Revitalizzante Max"
        ],
        "Piano -1": [
            "Caramella Rara",
            "Caramella Rara",
            "MT22 - Solaraggio",
            "Ricarica Totale",
            "Chiave Segreta",
            "MT14 - Bora"
        ]
    },
    "trainers": {
        "Piano 01": [
            {
                "name": "Ladro",
                "levels": [
                    34
                ],
                "mons": [
                    "CHARMANDER",
                    "CHARMELEON"
                ]
            }
        ],
        "Piano 02": [
            {
                "name": "Ladro",
                "levels": [
                    38
                ],
                "mons": [
                    "NINETALES"
                ]
            },
            {
                "name": "Scienziato",
                "levels": [
                    33
                ],
                "mons": [
                    "MAGNEMITE",
                    "MAGNETON",
                    "VOLTORB"
                ]
            }
        ],
        "Piano -1": [
            {
                "name": "Ladro",
                "levels": [
                    34
                ],
                "mons": [
                    "GROWLITHE",
                    "PONYTA"
                ]
            },
            {
                "name": "Scienziato",
                "levels": [
                    34
                ],
                "mons": [
                    "MAGNEMITE",
                    "ELECTRODE"
                ]
            }
        ],
        "Piano 0": [
            {
                "name": "Scienziato",
                "levels": [
                    29
                ],
                "mons": [
                    "ELECTRODE",
                    "WEEZING"
                ]
            }
        ]
    }
}